Age,Gender,Marital_Status,Department,Job_Role,Job_Level,Monthly_Income,Hourly_Rate,Years_at_Company,Years_in_Current_Role,Years_Since_Last_Promotion,Work_Life_Balance,Job_Satisfaction,Performance_Rating,Training_Hours_Last_Year,Overtime,Project_Count,Average_Hours_Worked_Per_Week,Absenteeism,Work_Environment_Satisfaction,Relationship_with_Manager,Job_Involvement,Distance_From_Home,Number_of_Companies_Worked,Years_at_Company_Age_Ratio,Overtime_Job_Satisfaction,Role_Loyalty,Income_Level_Ratio
21,1,1,1,2,4,5630,41,10,6,5,2,5,1,71,0,8,51,1,4,3,1,4,1,0.47619047619047616,0,0.5994005994005994,1403.990024937656
50,0,2,2,3,5,17877,65,22,2,2,2,2,3,5,1,3,48,14,2,1,2,13,3,0.44,2,0.09086778736937755,3568.2634730538925
33,0,2,2,1,2,18886,64,9,1,2,4,4,3,72,1,2,46,10,3,1,1,26,4,0.2727272727272727,4,0.11098779134295228,9396.019900497513
36,0,0,2,2,1,7011,69,3,1,1,4,5,3,43,1,5,56,11,2,4,2,34,1,0.08333333333333333,5,0.33222591362126247,6941.584158415842
52,1,1,0,1,5,19075,39,23,1,2,1,3,4,76,1,9,57,0,1,4,3,39,4,0.4423076923076923,3,0.0434593654932638,3807.3852295409183
30,1,0,4,0,3,3390,51,1,10,8,3,4,2,34,0,7,54,10,1,3,4,38,3,0.03333333333333333,0,9.900990099009901,1126.24584717608
20,0,1,3,0,5,17693,29,5,2,8,4,2,4,38,1,4,36,7,2,3,3,8,4,0.25,2,0.3992015968063872,3531.536926147705
21,1,1,3,0,1,18540,84,15,9,4,4,4,1,93,0,9,39,7,3,1,3,17,1,0.7142857142857143,0,0.5996002664890073,18356.435643564357
53,0,1,3,2,3,6744,99,23,10,8,1,5,3,32,0,5,35,17,1,1,1,5,3,0.4339622641509434,0,0.43459365493263796,2240.5315614617944
25,0,1,0,3,2,14360,22,5,4,9,4,4,2,25,1,8,31,1,2,4,2,20,4,0.2,4,0.7984031936127745,7144.278606965175
30,1,0,3,2,1,15853,66,5,12,5,3,1,4,49,1,4,51,5,3,3,3,15,4,0.16666666666666666,1,2.3952095808383236,15696.039603960397
47,0,1,0,3,5,14452,85,25,11,2,4,5,2,84,0,3,45,6,4,3,1,48,1,0.5319148936170213,0,0.43982407037185123,2884.6307385229543
52,0,2,2,3,3,14113,38,19,6,2,3,2,2,46,0,7,41,7,2,3,4,48,2,0.36538461538461536,0,0.31562335612835346,4688.704318936878
30,0,2,4,2,5,7321,60,20,1,2,4,2,2,58,1,2,36,0,4,4,4,1,2,0.6666666666666666,2,0.04997501249375312,1461.2774451097805
24,0,0,3,1,2,15197,77,2,4,0,1,5,4,33,1,1,39,14,2,1,4,40,3,0.08333333333333333,5,1.9900497512437814,7560.696517412936
54,0,2,0,0,5,14664,53,28,4,9,1,4,1,8,1,7,55,0,1,4,4,16,3,0.5185185185185185,4,0.14280614066404854,2926.946107784431
29,0,0,2,3,1,18732,30,17,8,6,4,5,2,63,1,2,47,19,2,4,3,47,3,0.5862068965517241,5,0.47031158142269247,18546.534653465347
47,0,1,4,2,4,9146,95,8,1,1,1,2,4,81,0,9,49,8,1,3,3,33,2,0.1702127659574468,0,0.12484394506866417,2280.7980049875314
29,1,2,2,3,4,7284,52,5,7,9,1,1,2,40,0,2,33,14,1,4,1,39,4,0.1724137931034483,0,1.3972055888223553,1816.4588528678305
50,0,0,3,1,1,17914,91,18,10,9,1,3,2,83,0,5,38,14,4,3,4,14,4,0.36,0,0.555247084952804,17736.633663366338
25,1,1,0,3,1,10116,71,24,6,3,2,5,2,2,0,2,59,15,4,3,1,41,2,0.96,0,0.24989587671803415,10015.841584158416
21,0,0,1,3,2,14523,30,3,1,2,2,5,1,19,1,3,50,8,4,1,3,15,4,0.14285714285714285,5,0.33222591362126247,7225.373134328359
49,1,2,0,0,3,13490,78,10,7,8,4,3,3,80,1,9,44,19,2,2,3,30,2,0.20408163265306123,3,0.6993006993006993,4481.727574750831
59,0,1,4,1,1,18749,52,11,14,0,2,4,4,32,1,6,40,3,4,1,3,26,3,0.1864406779661017,4,1.2715712988192553,18563.366336633662
22,1,0,0,3,5,14594,50,8,7,4,1,5,3,19,1,6,42,9,2,2,4,1,2,0.36363636363636365,5,0.8739076154806492,2912.9740518962076
23,1,1,1,3,3,18034,67,28,4,3,3,3,2,56,0,8,39,3,2,1,3,37,4,1.2173913043478262,0,0.14280614066404854,5991.362126245847
39,0,0,0,2,1,10928,77,2,4,9,4,3,1,73,0,9,55,14,3,2,4,12,2,0.05128205128205128,0,1.9900497512437814,10819.801980198019
36,0,0,0,0,5,11307,80,24,4,5,3,4,3,76,1,1,34,18,2,1,2,10,3,0.6666666666666666,4,0.1665972511453561,2256.88622754491
33,1,1,2,3,4,10454,20,3,9,0,4,3,2,62,1,4,51,1,4,2,2,39,4,0.09090909090909091,3,2.990033222591362,2606.982543640898
42,1,1,1,0,5,8911,58,4,11,8,2,4,1,49,0,4,50,7,2,3,3,16,1,0.09523809523809523,0,2.743142144638404,1778.6427145708583
27,1,1,1,2,2,16272,24,6,10,4,1,4,3,93,0,2,47,18,4,2,1,32,2,0.2222222222222222,0,1.663893510815308,8095.522388059702
49,0,0,1,3,1,14085,18,19,6,2,1,1,2,28,0,2,38,9,2,4,4,11,3,0.3877551020408163,0,0.31562335612835346,13945.544554455446
48,0,1,2,1,1,3904,64,26,11,2,1,5,2,77,0,2,58,11,3,4,2,23,3,0.5416666666666666,0,0.4229142637447135,3865.3465346534654
36,0,0,3,3,2,12533,59,27,2,9,1,2,3,83,0,9,47,12,4,4,2,23,3,0.75,0,0.07404664938911514,6235.3233830845775
53,0,1,0,3,5,3556,68,10,10,8,2,2,1,85,0,5,37,2,4,4,3,26,1,0.18867924528301888,0,0.999000999000999,709.7804391217566
42,1,2,1,3,2,17523,32,13,6,8,1,2,1,89,0,7,50,9,4,2,2,20,2,0.30952380952380953,0,0.46118370484242893,8717.910447761195
41,1,2,2,1,1,14695,35,28,13,0,3,5,4,4,0,9,50,14,3,4,1,29,1,0.6829268292682927,0,0.4641199571581578,14549.50495049505
21,0,0,2,3,5,15433,43,18,4,4,1,4,1,44,0,1,41,17,4,1,1,10,2,0.8571428571428571,0,0.22209883398112157,3080.439121756487
37,0,1,0,1,2,12615,25,1,13,4,1,2,3,56,1,7,58,14,1,4,1,26,3,0.02702702702702703,2,12.871287128712872,6276.119402985075
21,1,1,1,3,4,16158,27,14,11,7,3,4,1,83,1,1,45,4,2,4,2,6,3,0.6666666666666666,4,0.7851534618129907,4029.4264339152123
35,1,1,0,3,4,9681,52,9,9,5,4,2,1,18,1,1,30,15,3,4,4,23,1,0.2571428571428571,2,0.9988901220865705,2414.2144638403993
51,1,2,0,3,5,7837,22,25,13,9,3,1,3,67,0,3,54,4,4,2,4,32,3,0.49019607843137253,0,0.5197920831667333,1564.2714570858284
31,1,1,1,1,3,7616,86,26,12,9,2,5,1,43,1,3,54,2,4,2,3,29,4,0.8387096774193549,5,0.46136101499423293,2530.2325581395353
53,1,1,1,2,3,11514,24,6,2,2,4,5,3,13,0,2,36,19,2,3,3,12,4,0.11320754716981132,0,0.3327787021630616,3825.249169435216
31,0,1,4,3,1,5131,19,29,10,0,1,4,2,40,0,6,32,3,1,2,4,5,3,0.9354838709677419,0,0.3447087211306446,5080.19801980198
29,1,1,3,0,5,18901,72,3,11,4,1,3,4,69,1,4,37,11,2,1,4,40,4,0.10344827586206896,3,3.6544850498338874,3772.6546906187627
23,1,0,0,1,3,15472,50,2,2,6,1,3,1,75,1,2,52,0,1,2,2,4,1,0.08695652173913043,3,0.9950248756218907,5140.199335548173
42,0,1,1,0,3,7054,65,13,7,3,3,2,2,75,1,1,59,9,4,2,1,48,4,0.30952380952380953,2,0.5380476556495004,2343.5215946843855
54,0,1,0,3,4,5080,92,25,2,9,3,4,4,35,0,2,38,2,4,4,2,10,3,0.46296296296296297,0,0.07996801279488204,1266.8329177057358
20,1,2,0,2,3,16840,67,23,1,0,1,5,3,39,1,8,35,13,4,3,2,11,2,1.15,5,0.0434593654932638,5594.68438538206
55,0,0,4,1,4,10366,96,16,13,1,4,1,3,53,0,7,32,10,1,1,2,6,2,0.2909090909090909,0,0.8119925046845721,2585.0374064837906
56,1,2,1,1,1,5987,84,3,2,8,4,5,2,74,0,9,47,19,1,2,1,1,3,0.05357142857142857,0,0.6644518272425249,5927.722772277228
58,0,2,0,2,3,3534,94,10,13,8,4,4,2,82,0,6,33,16,4,2,4,40,2,0.1724137931034483,0,1.2987012987012987,1174.0863787375415
34,0,0,3,2,4,15352,51,23,6,2,4,3,3,26,0,3,34,9,1,2,3,29,4,0.6764705882352942,0,0.2607561929595828,3828.428927680798
22,1,1,0,2,5,8930,42,6,4,7,1,5,4,37,1,5,41,0,4,4,1,28,4,0.2727272727272727,5,0.6655574043261232,1782.435129740519
41,0,1,0,3,4,18284,75,13,11,9,3,2,2,44,0,2,31,7,3,1,4,3,4,0.3170731707317073,0,0.8455034588777863,4559.600997506234
22,0,1,4,3,2,8452,37,17,7,3,3,1,2,35,0,2,40,0,2,3,2,15,1,0.7727272727272727,0,0.4115226337448559,4204.97512437811
49,1,0,0,3,1,3151,38,21,9,4,1,3,3,44,0,2,40,18,1,1,1,1,1,0.42857142857142855,0,0.4283674440742503,3119.80198019802
40,1,0,2,0,5,8730,49,29,4,6,2,2,2,64,1,4,49,2,1,4,1,48,3,0.725,2,0.13788348845225784,1742.5149700598804
36,1,2,2,3,3,7042,56,26,5,8,4,4,2,84,1,4,37,16,1,4,4,32,4,0.7222222222222222,4,0.19223375624759706,2339.5348837209303
54,0,2,4,2,2,18708,48,23,14,2,2,4,3,57,1,3,30,3,1,4,2,32,2,0.42592592592592593,4,0.6084311169056932,9307.462686567165
27,0,2,2,1,2,5076,85,6,13,7,1,1,4,90,0,7,59,6,4,1,2,21,3,0.2222222222222222,0,2.1630615640599,2525.3731343283584
34,0,2,1,3,3,18696,79,4,4,7,3,4,3,65,0,1,30,4,3,1,1,33,4,0.11764705882352941,0,0.9975062344139651,6211.295681063123
53,0,2,1,1,5,10349,97,16,8,9,4,5,2,0,0,7,46,0,2,4,1,39,4,0.3018867924528302,0,0.4996876951905059,2065.668662674651
44,1,0,3,2,4,18581,17,11,13,7,2,4,2,16,1,7,38,0,1,4,1,24,2,0.25,4,1.1807447774750228,4633.665835411472
39,1,2,0,3,3,15242,26,17,14,9,1,1,2,73,1,9,50,3,3,1,4,41,3,0.4358974358974359,1,0.8230452674897119,5063.787375415282
56,1,1,2,2,4,5068,46,27,6,0,1,5,1,3,0,5,40,11,2,4,1,36,2,0.48214285714285715,0,0.22213994816734542,1263.8403990024938
45,0,0,0,3,3,12706,33,26,4,2,4,1,2,85,0,7,58,0,2,2,3,35,4,0.5777777777777777,0,0.15378700499807765,4221.262458471761
52,1,0,0,2,5,14618,92,9,2,0,2,1,3,49,0,9,38,0,3,2,2,7,1,0.17307692307692307,0,0.22197558268590456,2917.7644710578843
43,0,2,0,3,2,9447,94,11,10,2,3,1,3,58,0,2,34,14,3,1,4,27,4,0.2558139534883721,0,0.9082652134423251,4700.000000000001
47,1,0,2,2,4,8037,85,26,6,6,1,1,4,65,0,8,33,11,4,4,4,1,1,0.5531914893617021,0,0.23068050749711647,2004.2394014962595
54,0,2,4,2,4,16639,83,20,12,0,1,4,4,32,1,7,53,8,1,2,4,45,4,0.37037037037037035,4,0.5997001499250374,4149.3765586034915
30,1,2,1,0,4,3178,80,8,1,8,4,2,4,85,1,3,50,11,3,1,1,3,3,0.26666666666666666,2,0.12484394506866417,792.5187032418953
58,1,0,1,2,2,6153,49,7,9,3,3,2,1,55,0,4,57,9,1,4,4,48,1,0.1206896551724138,0,1.2838801711840229,3061.1940298507466
37,1,2,4,1,4,4001,49,22,5,0,1,1,3,98,0,7,46,17,2,2,1,12,4,0.5945945945945946,0,0.22716946842344388,997.7556109725687
56,1,0,4,0,5,17327,54,5,9,0,3,2,3,37,0,6,53,2,2,2,4,1,3,0.08928571428571429,0,1.7964071856287427,3458.483033932136
24,1,0,1,1,4,19955,78,23,9,7,3,1,3,99,0,7,33,17,4,4,1,25,2,0.9583333333333334,0,0.39113428943937417,4976.309226932669
56,1,1,3,3,2,17380,34,4,12,3,2,1,2,9,0,1,41,18,2,3,1,17,2,0.07142857142857142,0,2.9925187032418954,8646.766169154229
44,1,1,2,2,4,18905,37,23,6,0,4,4,3,77,1,7,32,1,3,4,4,47,3,0.5227272727272727,4,0.2607561929595828,4714.463840399003
30,1,2,2,3,2,17356,66,29,11,7,1,3,2,91,0,4,44,12,2,3,4,14,3,0.9666666666666667,0,0.37917959324370903,8634.825870646768
56,0,1,1,0,2,11092,45,6,12,0,2,1,3,82,1,4,35,3,3,2,3,29,4,0.10714285714285714,1,1.9966722129783694,5518.407960199005
42,1,1,3,3,4,15755,55,27,7,3,3,5,1,24,1,1,35,7,1,4,3,45,4,0.6428571428571429,5,0.259163272861903,3928.927680798005
27,0,2,2,1,1,12775,31,17,2,0,3,2,2,26,0,6,59,7,2,2,3,35,4,0.6296296296296297,0,0.11757789535567312,12648.514851485148
45,1,0,0,1,2,10099,39,16,1,3,3,5,1,71,1,6,35,18,4,2,2,47,4,0.35555555555555557,5,0.062460961898813235,5024.378109452737
32,0,2,3,1,4,13151,68,2,6,8,1,1,1,38,0,7,51,10,2,4,1,36,2,0.0625,0,2.985074626865672,3279.551122194514
34,0,1,0,2,2,16667,25,25,6,2,3,2,3,89,1,1,48,1,4,4,4,29,4,0.7352941176470589,2,0.23990403838464613,8292.039800995026
38,1,2,1,0,1,6129,78,27,5,2,2,1,2,93,1,5,46,8,2,2,2,33,1,0.7105263157894737,1,0.18511662347278784,6068.316831683168
32,0,2,4,2,4,4907,67,2,10,8,1,4,2,26,1,1,30,8,4,1,1,34,4,0.0625,4,4.975124378109453,1223.6907730673317
43,0,1,0,3,4,4364,38,19,4,2,2,4,2,98,1,9,40,6,3,3,4,43,4,0.4418604651162791,4,0.21041557075223566,1088.279301745636
25,1,0,0,1,3,14350,25,1,4,2,3,2,3,12,0,6,57,11,4,3,3,41,2,0.04,0,3.9603960396039604,4767.441860465116
45,0,1,4,2,3,9869,57,1,7,8,2,2,4,67,0,4,44,0,4,4,4,43,4,0.022222222222222223,0,6.930693069306931,3278.7375415282395
29,1,2,2,0,4,3864,88,26,10,3,4,5,2,81,0,7,59,3,2,3,1,39,3,0.896551724137931,0,0.3844675124951941,963.5910224438903
47,0,1,3,0,1,11881,60,26,14,4,4,5,4,60,0,6,53,5,2,1,2,37,4,0.5531914893617021,0,0.5382545174932718,11763.366336633664
33,0,2,1,2,2,10299,96,12,14,6,2,3,4,12,0,1,58,6,2,2,1,3,1,0.36363636363636365,0,1.1656952539550376,5123.880597014926
49,0,0,4,3,3,14348,73,11,5,1,2,4,2,26,0,3,52,14,1,4,1,16,4,0.22448979591836735,0,0.45413260672116257,4766.777408637874
42,1,2,2,3,5,16798,42,1,5,5,2,5,4,64,1,6,52,13,1,2,4,23,1,0.023809523809523808,5,4.9504950495049505,3352.8942115768464
59,1,0,3,3,5,9666,88,28,9,0,2,5,3,56,1,3,49,13,4,4,3,11,1,0.4745762711864407,5,0.32131381649410923,1929.3413173652696
55,0,0,1,2,3,8565,91,26,2,6,4,2,1,51,1,5,32,12,4,2,1,22,3,0.4727272727272727,2,0.07689350249903883,2845.514950166113
34,0,1,1,1,2,9240,56,3,9,5,1,4,3,31,1,5,59,11,1,3,2,3,4,0.08823529411764706,4,2.990033222591362,4597.014925373135
54,1,0,4,2,4,15982,49,28,10,1,2,3,1,18,1,6,52,12,2,1,3,20,1,0.5185185185185185,3,0.3570153516601214,3985.5361596009975
25,1,2,3,3,5,11921,39,1,10,2,4,1,4,65,0,6,58,15,1,3,1,37,2,0.04,0,9.900990099009901,2379.441117764471
21,0,1,4,3,4,14970,21,5,6,3,2,4,1,64,0,8,55,12,4,3,3,32,1,0.23809523809523808,0,1.1976047904191618,3733.1670822942647
49,1,2,0,0,2,14580,43,11,8,2,1,2,3,80,1,6,47,4,2,2,4,25,3,0.22448979591836735,2,0.7266121707538601,7253.731343283583
23,0,2,2,1,5,19755,52,3,11,9,3,5,1,35,0,2,32,19,2,4,3,24,2,0.13043478260869565,0,3.6544850498338874,3943.11377245509
33,0,2,3,1,5,7712,50,21,9,8,3,1,3,15,1,7,49,17,2,3,3,17,1,0.6363636363636364,1,0.4283674440742503,1539.3213572854293
41,1,0,0,2,2,18896,92,27,7,7,2,5,1,87,1,5,48,8,4,2,1,31,2,0.6585365853658537,5,0.259163272861903,9400.995024875623
56,1,0,0,1,2,10389,20,6,13,9,2,2,1,57,0,1,47,19,2,1,4,48,2,0.10714285714285714,0,2.1630615640599,5168.656716417911
45,0,2,4,0,1,12196,68,10,12,2,2,5,4,56,0,4,41,8,4,1,3,33,2,0.2222222222222222,0,1.1988011988011988,12075.247524752474
20,1,1,3,3,1,4652,42,8,13,1,1,4,4,12,1,2,47,0,3,4,1,48,4,0.4,4,1.6229712858926342,4605.940594059406
20,1,1,4,0,4,10099,32,24,12,6,3,2,4,85,1,5,39,13,3,4,3,45,2,1.2,2,0.4997917534360683,2518.4538653366585
36,0,2,4,2,5,7675,52,9,1,9,1,3,2,20,1,6,41,18,3,3,4,40,2,0.25,3,0.11098779134295228,1531.936127744511
36,0,2,0,0,3,12344,15,12,2,6,1,3,3,62,0,8,36,3,3,3,4,1,1,0.3333333333333333,0,0.16652789342214822,4100.9966777408645
59,0,2,1,1,4,17923,16,12,11,0,4,5,4,79,0,1,41,19,2,3,4,33,3,0.2033898305084746,0,0.9159034138218152,4469.576059850374
22,0,1,2,3,5,4462,65,17,13,0,3,1,4,57,1,9,44,7,1,2,2,23,1,0.7727272727272727,1,0.7642563198118753,890.61876247505
24,1,0,0,3,2,16465,32,10,10,2,4,2,4,6,1,7,51,18,2,2,3,8,4,0.4166666666666667,2,0.999000999000999,8191.542288557215
32,1,2,0,3,4,18630,16,19,11,0,3,4,2,33,0,9,37,17,3,4,1,24,1,0.59375,0,0.578642819568648,4645.885286783043
58,0,1,4,2,5,7368,93,2,6,3,2,4,1,80,0,9,56,13,2,1,4,8,4,0.034482758620689655,0,2.985074626865672,1470.6586826347307
52,0,2,0,2,1,19972,99,16,4,0,3,5,3,46,0,7,31,17,4,2,3,6,1,0.3076923076923077,0,0.24984384759525294,19774.257425742573
42,0,0,3,1,4,9858,98,25,13,1,1,2,4,54,1,4,49,3,2,3,2,14,1,0.5952380952380952,2,0.5197920831667333,2458.3541147132173
49,1,1,2,0,1,7875,37,21,12,7,1,2,3,42,1,5,53,4,3,4,1,2,3,0.42857142857142855,2,0.5711565920990004,7797.029702970297
39,1,1,4,3,3,16920,63,25,2,4,4,3,1,37,0,4,33,2,2,1,4,3,2,0.6410256410256411,0,0.07996801279488204,5621.262458471761
24,0,1,0,2,5,18116,58,28,11,7,4,3,3,86,0,6,33,14,4,4,1,19,1,1.1666666666666667,0,0.3927168868261335,3615.9680638722557
35,0,1,4,0,4,15271,61,26,9,8,1,5,4,66,0,8,44,13,3,2,1,32,3,0.7428571428571429,0,0.3460207612456747,3808.2294264339153
52,0,2,4,1,5,17894,27,22,5,4,3,1,4,53,0,6,41,17,3,2,2,31,2,0.4230769230769231,0,0.22716946842344388,3571.6566866267467
33,0,1,1,3,3,9464,88,24,10,0,4,5,1,23,0,1,31,17,3,1,2,30,1,0.7272727272727273,0,0.4164931278633902,3144.1860465116283
25,1,1,0,1,3,8338,94,5,13,2,3,5,2,86,0,2,58,13,2,2,2,14,3,0.2,0,2.594810379241517,2770.0996677740864
23,0,0,2,3,2,17820,25,28,13,3,4,5,3,45,1,7,39,2,1,1,1,26,4,1.2173913043478262,5,0.4641199571581578,8865.671641791047
32,0,1,0,0,2,14516,69,25,8,2,4,5,2,25,1,5,54,8,1,3,1,9,4,0.78125,5,0.31987205117952816,7221.8905472636825
57,0,0,2,0,5,5708,88,19,6,1,4,2,4,46,0,1,38,0,4,4,3,21,3,0.3333333333333333,0,0.31562335612835346,1139.3213572854293
52,1,1,3,1,2,3901,59,1,10,5,4,4,3,26,0,8,46,3,1,4,2,23,4,0.019230769230769232,0,9.900990099009901,1940.7960199004976
43,0,0,4,3,3,9470,30,2,7,4,4,1,3,0,1,2,42,1,2,4,4,20,2,0.046511627906976744,1,3.4825870646766175,3146.179401993356
45,0,2,0,1,2,6917,98,1,10,2,4,3,1,17,1,7,57,17,3,1,2,31,3,0.022222222222222223,3,9.900990099009901,3441.293532338309
55,1,2,1,0,4,14112,78,22,4,8,2,2,3,30,0,3,31,9,3,3,3,29,3,0.4,0,0.1817355747387551,3519.201995012469
33,1,0,0,3,4,16397,72,11,7,1,4,4,4,46,1,6,32,17,4,4,3,37,1,0.3333333333333333,4,0.6357856494096277,4089.0274314214466
34,1,0,1,1,1,4985,73,22,13,1,2,3,4,29,1,2,43,11,3,3,1,42,2,0.6470588235294118,3,0.5906406179009541,4935.6435643564355
48,1,2,3,3,5,16058,83,18,4,5,2,3,2,0,0,7,41,14,1,4,3,42,2,0.375,0,0.22209883398112157,3205.189620758483
50,0,2,0,0,3,3198,98,18,10,7,2,4,2,21,1,6,56,19,3,4,3,46,4,0.36,4,0.555247084952804,1062.4584717607975
37,0,1,2,1,4,10354,52,10,6,0,3,3,4,87,1,5,57,0,3,1,3,14,3,0.2702702702702703,3,0.5994005994005994,2582.044887780549
44,0,1,0,3,3,14875,17,21,7,1,4,4,4,82,0,1,34,14,1,4,3,22,4,0.4772727272727273,0,0.3331746787244169,4941.86046511628
27,1,0,4,0,2,13785,81,11,8,6,1,4,4,12,0,7,37,12,4,1,3,16,1,0.4074074074074074,0,0.7266121707538601,6858.208955223881
29,1,0,3,2,5,6159,87,1,14,5,1,1,1,7,0,5,56,18,1,1,2,44,1,0.034482758620689655,0,13.861386138613861,1229.3413173652696
36,1,2,3,0,4,5925,24,3,4,9,3,1,2,11,1,9,34,3,2,3,3,11,3,0.08333333333333333,1,1.3289036544850499,1477.556109725686
23,1,0,4,1,5,7565,25,17,13,7,2,2,2,68,0,9,53,5,2,2,3,49,3,0.7391304347826086,0,0.7642563198118753,1509.9800399201597
32,0,2,3,1,5,14332,46,1,5,7,2,4,3,3,0,2,41,1,1,4,3,5,4,0.03125,0,4.9504950495049505,2860.678642714571
52,1,0,1,3,1,12082,37,20,8,0,2,3,2,99,0,4,53,11,1,4,1,25,3,0.38461538461538464,0,0.39980009995002497,11962.376237623763
38,1,2,1,3,3,8402,70,10,3,6,3,5,3,76,1,3,50,18,1,1,2,11,3,0.2631578947368421,5,0.2997002997002997,2791.3621262458473
31,0,1,3,0,3,16393,93,19,2,6,1,2,2,54,1,2,47,0,4,3,2,28,3,0.6129032258064516,2,0.10520778537611783,5446.179401993356
56,0,2,4,3,3,6618,91,12,4,8,2,2,2,26,1,5,37,0,2,3,3,31,1,0.21428571428571427,2,0.33305578684429643,2198.6710963455153
32,0,1,4,0,2,12488,58,3,2,9,1,2,1,13,1,6,44,8,3,3,4,44,1,0.09375,2,0.6644518272425249,6212.935323383085
51,0,2,4,0,3,4820,53,22,12,6,4,5,4,1,0,4,56,2,2,1,4,8,2,0.43137254901960786,0,0.5452067242162653,1601.3289036544852
45,1,0,1,0,1,14619,98,28,9,0,3,4,4,55,0,4,53,0,3,4,1,18,1,0.6222222222222222,0,0.32131381649410923,14474.257425742575
32,1,1,1,0,3,5706,72,18,2,0,4,5,4,3,1,7,53,11,4,1,1,30,1,0.5625,5,0.11104941699056078,1895.6810631229237
49,0,0,2,3,3,18323,89,6,12,4,3,5,4,59,1,2,40,3,1,1,4,22,3,0.12244897959183673,5,1.9966722129783694,6087.375415282392
22,0,1,4,1,1,11181,38,13,2,2,2,2,3,47,0,1,54,10,2,2,4,7,1,0.5909090909090909,0,0.15372790161414296,11070.29702970297
40,1,0,3,2,3,4990,86,12,1,3,3,3,1,77,0,2,39,8,4,1,4,22,2,0.3,0,0.08326394671107411,1657.8073089700997
29,1,2,3,2,3,13891,86,24,10,7,2,3,3,58,1,2,46,2,2,3,4,15,1,0.8275862068965517,3,0.4164931278633902,4614.950166112957
52,0,1,3,3,1,14646,31,27,2,0,4,1,3,37,0,9,54,19,3,4,1,27,4,0.5192307692307693,0,0.07404664938911514,14500.990099009901
22,1,2,4,1,3,9533,39,13,4,5,2,5,1,23,1,6,52,10,1,1,2,6,2,0.5909090909090909,5,0.3074558032282859,3167.109634551495
23,1,0,1,1,2,9578,72,22,10,8,3,5,1,40,0,5,51,18,2,4,1,45,2,0.9565217391304348,0,0.45433893684688775,4765.174129353234
24,0,0,3,0,2,13046,31,7,12,6,4,4,4,99,1,5,54,3,1,3,3,41,3,0.2916666666666667,4,1.7118402282453637,6490.547263681593
58,1,0,3,0,3,7683,83,12,3,2,2,5,2,11,0,4,53,16,4,3,2,40,4,0.20689655172413793,0,0.2497918401332223,2552.49169435216
32,0,0,3,0,4,14110,69,27,10,4,4,5,2,51,0,9,36,15,4,1,3,7,1,0.84375,0,0.3702332469455757,3518.703241895262
22,0,1,1,1,2,7386,23,2,6,1,2,3,1,86,1,9,56,8,2,1,4,22,4,0.09090909090909091,3,2.985074626865672,3674.626865671642
47,0,2,1,3,2,6164,29,28,8,2,1,3,4,61,1,2,40,17,4,4,4,25,3,0.5957446808510638,3,0.2856122813280971,3066.666666666667
22,1,1,3,0,2,14397,72,8,7,0,3,5,1,97,1,3,45,13,3,4,3,24,1,0.36363636363636365,5,0.8739076154806492,7162.68656716418
57,1,0,0,2,3,8882,82,4,3,6,1,1,4,19,1,4,58,11,2,4,2,4,3,0.07017543859649122,1,0.7481296758104738,2950.8305647840534
59,1,2,4,1,5,17745,35,25,4,7,3,1,2,53,1,5,33,16,1,2,4,8,3,0.423728813559322,1,0.15993602558976408,3541.916167664671
28,1,2,3,3,5,10127,40,8,5,4,1,5,2,12,1,7,45,16,3,2,3,3,4,0.2857142857142857,5,0.6242197253433208,2021.3572854291417
27,0,1,4,1,5,8603,58,24,10,2,1,2,1,11,1,8,52,13,4,2,2,33,3,0.8888888888888888,2,0.4164931278633902,1717.1656686626748
28,1,0,0,3,2,7225,59,6,11,0,3,5,1,40,0,6,57,8,2,4,1,12,2,0.21428571428571427,0,1.8302828618968388,3594.52736318408
58,1,2,4,0,3,19932,18,24,7,1,4,1,3,64,0,4,49,1,4,4,4,8,4,0.41379310344827586,0,0.29154518950437314,6621.926910299004
22,1,1,0,0,1,11683,19,11,7,8,1,5,2,54,1,2,49,13,2,1,2,13,4,0.5,5,0.6357856494096277,11567.326732673268
44,1,1,2,2,5,8296,72,23,3,6,3,5,4,63,1,9,42,10,4,2,2,10,3,0.5227272727272727,5,0.1303780964797914,1655.8882235528943
34,0,1,3,0,1,18360,56,5,2,7,1,3,3,66,1,4,58,16,4,2,1,21,3,0.14705882352941177,3,0.3992015968063872,18178.21782178218
29,0,2,3,1,2,16273,34,13,8,6,2,4,2,88,0,5,39,14,2,1,3,38,1,0.4482758620689655,0,0.6149116064565718,8096.019900497513
55,0,1,1,3,1,6364,63,21,3,0,1,2,2,30,0,8,42,8,1,2,2,33,2,0.38181818181818183,0,0.1427891480247501,6300.990099009901
49,1,0,1,3,4,15720,62,18,6,6,3,3,1,3,1,8,59,7,1,1,2,8,1,0.3673469387755102,3,0.3331482509716824,3920.199501246883
45,1,1,2,3,1,6793,65,26,4,9,1,3,2,32,0,5,37,14,1,4,1,9,1,0.5777777777777777,0,0.15378700499807765,6725.742574257426
37,1,2,0,1,3,5253,75,25,7,9,4,3,4,70,1,5,54,4,2,2,1,40,1,0.6756756756756757,3,0.2798880447820872,1745.1827242524919
42,1,0,1,3,4,7435,34,26,6,2,2,5,3,96,1,1,38,10,2,4,4,13,1,0.6190476190476191,5,0.23068050749711647,1854.1147132169576
46,0,1,1,0,2,19661,16,8,13,6,1,4,4,65,0,7,35,0,1,2,1,18,4,0.17391304347826086,0,1.6229712858926342,9781.592039800997
50,1,0,3,1,2,19574,38,5,7,6,4,4,2,85,0,5,59,4,1,2,3,9,1,0.1,0,1.3972055888223553,9738.308457711444
39,1,2,1,2,5,16390,67,28,1,9,1,2,2,82,1,6,59,1,4,1,2,28,2,0.717948717948718,2,0.035701535166012134,3271.4570858283437
50,1,2,2,3,1,8650,82,16,8,5,3,5,3,83,1,5,53,7,2,4,2,24,1,0.32,5,0.4996876951905059,8564.356435643564
20,1,2,0,0,5,12053,84,19,10,3,3,1,4,32,0,3,53,2,4,4,3,20,1,0.95,0,0.5260389268805892,2405.7884231536927
50,0,2,0,2,5,8515,90,29,5,5,1,4,1,66,0,5,52,3,4,1,1,42,3,0.58,0,0.1723543605653223,1699.6007984031937
39,0,1,0,0,2,10987,60,16,12,2,4,5,1,70,1,7,58,17,1,2,4,3,3,0.41025641025641024,5,0.7495315427857588,5466.169154228856
50,1,1,1,2,4,14279,93,10,14,5,4,1,2,67,0,3,45,18,4,2,1,35,1,0.2,0,1.3986013986013985,3560.847880299252
40,1,2,3,3,3,4181,66,25,5,1,3,3,3,8,0,2,36,4,1,3,4,44,3,0.625,0,0.1999200319872051,1389.0365448504983
41,0,0,3,3,2,18927,99,15,12,9,3,4,4,28,0,7,40,10,4,4,3,13,2,0.36585365853658536,0,0.7994670219853431,9416.417910447763
35,1,2,1,2,4,12158,49,14,2,1,3,5,3,38,0,3,30,13,3,2,1,17,2,0.4,0,0.14275517487508924,3031.920199501247
47,0,1,4,3,3,8823,61,11,9,1,2,1,3,72,1,9,52,16,4,2,1,1,2,0.23404255319148937,1,0.8174386920980926,2931.229235880399
54,0,1,4,0,4,6365,69,3,5,4,3,3,2,12,0,9,30,18,1,2,2,29,3,0.05555555555555555,0,1.6611295681063125,1587.281795511222
58,0,2,0,1,2,13291,50,7,2,2,4,2,4,80,0,7,59,5,1,3,4,43,4,0.1206896551724138,0,0.28530670470756064,6612.437810945275
59,1,1,3,3,2,9477,42,19,1,8,1,2,2,50,1,7,54,6,1,2,3,8,3,0.3220338983050847,2,0.052603892688058915,4714.925373134329
58,1,0,3,3,5,17347,76,25,7,9,1,5,1,23,1,4,55,11,3,4,3,31,3,0.43103448275862066,5,0.2798880447820872,3462.4750499002
27,1,1,1,3,2,17246,41,13,4,7,3,4,2,93,1,8,50,16,2,1,3,19,2,0.48148148148148145,4,0.3074558032282859,8580.099502487563
56,1,1,4,0,5,6565,80,26,10,8,1,1,1,35,0,1,44,2,1,2,1,21,3,0.4642857142857143,0,0.3844675124951941,1310.3792415169662
52,0,2,2,2,3,8974,70,9,4,9,3,5,2,14,0,6,32,6,4,1,4,26,3,0.17307692307692307,0,0.4439511653718091,2981.3953488372094
30,0,0,1,2,3,3145,17,1,14,0,4,4,3,65,1,9,32,9,3,1,4,35,2,0.03333333333333333,4,13.861386138613861,1044.8504983388705
55,1,2,3,1,4,8649,82,9,2,9,4,4,4,49,0,5,50,6,4,4,2,48,1,0.16363636363636364,0,0.22197558268590456,2156.857855361596
36,0,1,3,1,4,5159,48,24,7,0,3,2,1,46,0,2,41,14,2,1,2,7,3,0.6666666666666666,0,0.29154518950437314,1286.5336658354115
56,1,2,1,3,1,7500,23,6,11,9,4,4,2,89,1,9,39,16,3,1,4,49,1,0.10714285714285714,4,1.8302828618968388,7425.742574257426
45,1,1,4,1,1,8398,72,1,14,8,2,5,1,90,1,2,35,18,1,3,4,13,2,0.022222222222222223,5,13.861386138613861,8314.851485148514
21,1,1,0,3,3,16007,67,5,2,1,1,5,2,33,0,7,37,14,2,4,2,3,2,0.23809523809523808,0,0.3992015968063872,5317.940199335549
24,0,0,1,3,3,16107,91,21,5,1,3,3,3,85,1,4,42,5,3,1,1,28,2,0.875,3,0.23798191337458352,5351.162790697675
27,0,2,2,2,2,10727,21,20,6,2,2,5,1,55,0,1,36,1,2,3,3,32,2,0.7407407407407407,0,0.2998500749625187,5336.81592039801
52,0,0,0,2,4,19149,36,9,9,5,1,4,4,16,0,5,38,9,2,4,1,31,4,0.17307692307692307,0,0.9988901220865705,4775.311720698254
48,0,0,1,0,4,4689,50,16,3,7,2,5,1,60,0,4,58,8,4,4,1,17,3,0.3333333333333333,0,0.1873828856964397,1169.3266832917707
54,1,1,2,2,1,9191,38,17,13,0,1,4,1,24,1,5,58,0,3,3,4,32,2,0.3148148148148148,4,0.7642563198118753,9100.0
30,0,1,0,2,2,7399,47,29,11,6,3,4,4,73,0,2,48,3,2,4,3,13,3,0.9666666666666667,0,0.37917959324370903,3681.0945273631846
23,0,1,3,3,4,5371,82,26,6,5,3,3,4,46,0,1,36,14,1,3,3,4,4,1.1304347826086956,0,0.23068050749711647,1339.4014962593517
21,1,2,1,0,4,16900,61,22,2,0,1,4,2,81,0,1,44,17,2,1,2,18,1,1.0476190476190477,0,0.09086778736937755,4214.463840399003
55,0,2,0,3,3,13724,96,20,8,3,3,4,4,1,0,8,45,4,4,3,3,34,2,0.36363636363636365,0,0.39980009995002497,4559.468438538206
45,1,0,4,3,2,17900,95,9,12,5,2,4,2,99,0,8,52,7,3,2,1,9,4,0.2,0,1.3318534961154274,8905.47263681592
31,0,0,3,1,3,18327,56,21,2,3,4,2,3,99,0,2,30,8,4,2,4,12,1,0.6774193548387096,0,0.09519276534983341,6088.704318936878
21,1,1,4,2,4,4184,56,6,1,3,4,5,2,43,1,7,35,5,3,2,1,24,2,0.2857142857142857,5,0.1663893510815308,1043.3915211970075
29,0,2,4,0,5,9414,71,3,8,0,1,4,4,31,0,6,49,7,2,3,2,16,1,0.10344827586206896,0,2.6578073089700998,1879.0419161676648
42,0,1,4,0,1,19862,34,24,9,7,4,2,1,42,0,5,37,4,2,1,2,38,3,0.5714285714285714,0,0.3748438150770512,19665.346534653465
25,1,0,2,2,4,16147,94,1,10,5,2,2,2,22,0,4,46,2,4,2,1,34,2,0.04,0,9.900990099009901,4026.6832917705738
35,1,1,0,2,1,16921,70,8,6,8,4,3,4,76,1,5,30,11,2,4,2,37,3,0.22857142857142856,3,0.7490636704119851,16753.465346534653
40,1,2,2,0,3,17629,87,4,12,3,2,2,3,43,1,7,35,9,1,1,2,48,3,0.1,2,2.9925187032418954,5856.810631229237
20,1,2,2,2,2,14694,57,7,2,0,2,4,4,23,1,8,30,16,4,1,1,12,2,0.35,4,0.28530670470756064,7310.447761194031
38,0,1,3,1,5,9915,58,14,5,0,3,3,3,78,1,5,52,7,1,1,4,10,1,0.3684210526315789,3,0.35688793718772305,1979.0419161676648
21,1,1,3,1,3,7961,23,19,6,1,1,3,2,73,0,2,53,7,4,2,2,22,2,0.9047619047619048,0,0.31562335612835346,2644.8504983388707
24,0,2,1,1,3,14445,40,8,5,2,2,5,3,48,0,6,39,2,2,4,2,17,4,0.3333333333333333,0,0.6242197253433208,4799.003322259136
33,0,1,2,3,2,11633,31,18,10,8,2,2,4,0,1,3,40,6,2,1,3,28,1,0.5454545454545454,2,0.555247084952804,5787.562189054727
24,0,2,2,3,5,8454,58,26,14,9,1,2,4,50,1,6,46,2,3,3,2,43,3,1.0833333333333333,2,0.5382545174932718,1687.425149700599
26,0,1,3,2,5,18300,58,18,12,7,2,4,4,12,0,2,47,1,2,2,3,7,1,0.6923076923076923,0,0.6662965019433648,3652.6946107784433
24,0,0,4,0,3,10620,63,2,11,8,1,3,2,2,0,2,46,4,4,3,3,27,4,0.08333333333333333,0,5.472636815920398,3528.2392026578077
33,0,2,0,1,4,17260,40,12,7,2,4,2,1,60,0,2,34,2,4,4,3,2,3,0.36363636363636365,0,0.5828476269775188,4304.239401496259
55,1,1,4,0,5,7651,34,1,13,2,4,3,4,8,0,1,48,0,2,1,1,23,4,0.01818181818181818,0,12.871287128712872,1527.1457085828345
42,0,2,0,3,2,14772,19,19,12,5,4,1,3,55,0,5,33,1,3,2,2,16,3,0.4523809523809524,0,0.6312467122567069,7349.253731343284
59,1,2,2,2,2,19576,72,17,1,2,3,3,2,74,1,6,53,4,4,3,4,7,1,0.288135593220339,3,0.05878894767783656,9739.303482587065
52,1,2,3,2,4,7056,32,26,9,7,4,1,3,75,1,3,41,4,4,3,1,16,4,0.5,1,0.3460207612456747,1759.6009975062345
50,1,2,4,0,3,3066,32,17,9,1,3,1,2,18,0,8,37,15,3,4,1,32,4,0.34,0,0.5291005291005291,1018.6046511627908
30,1,2,2,3,5,10996,51,8,10,1,4,2,1,21,1,2,49,16,1,3,3,46,2,0.26666666666666666,2,1.2484394506866416,2194.8103792415172
46,1,0,0,1,4,16990,32,6,3,5,1,3,2,0,1,4,56,11,2,2,3,9,2,0.13043478260869565,3,0.49916805324459235,4236.907730673317
52,1,1,4,1,2,4410,83,13,10,2,4,1,4,83,1,2,47,1,2,1,2,4,3,0.25,1,0.7686395080707148,2194.029850746269
50,0,1,2,0,3,14602,72,22,12,9,4,1,4,85,0,7,41,2,2,2,3,31,2,0.44,0,0.5452067242162653,4851.162790697675
29,0,1,2,0,2,14962,27,22,12,7,1,4,1,80,0,5,30,18,1,2,1,43,4,0.7586206896551724,0,0.5452067242162653,7443.781094527364
45,1,0,2,0,3,15746,96,6,10,9,3,3,1,16,0,4,36,9,3,4,3,9,3,0.13333333333333333,0,1.663893510815308,5231.229235880399
51,1,2,3,1,2,10465,89,4,10,6,3,5,4,19,1,3,55,13,4,3,1,28,1,0.0784313725490196,5,2.493765586034913,5206.467661691543
53,1,1,1,1,1,16743,33,13,7,8,4,5,3,5,1,7,46,3,2,4,4,6,2,0.24528301886792453,5,0.5380476556495004,16577.227722772277
33,0,2,4,3,4,4910,63,15,3,6,1,2,3,69,1,3,45,9,3,1,1,44,4,0.45454545454545453,2,0.19986675549633579,1224.4389027431423
27,0,2,0,0,4,17917,43,19,13,4,4,4,3,45,1,7,46,1,2,2,3,16,3,0.7037037037037037,4,0.6838506049447659,4468.079800498754
54,0,1,1,3,2,4725,94,3,4,4,4,2,4,90,1,2,55,13,3,4,3,21,1,0.05555555555555555,2,1.3289036544850499,2350.746268656717
23,0,0,1,3,4,9637,89,11,2,6,3,5,1,73,0,1,36,3,3,2,4,30,2,0.4782608695652174,0,0.18165304268846502,2403.2418952618455
37,1,0,3,0,1,18560,84,23,8,0,2,1,4,64,0,7,34,2,4,1,2,43,2,0.6216216216216216,0,0.3476749239461104,18376.237623762376
45,0,0,2,2,4,15992,92,2,7,5,3,4,4,71,0,4,50,1,4,4,4,23,4,0.044444444444444446,0,3.4825870646766175,3988.0299251870324
41,1,1,2,0,4,9957,80,29,3,4,1,3,1,47,0,1,53,11,2,1,4,48,3,0.7073170731707317,0,0.10341261633919338,2483.0423940149626
42,1,2,4,2,5,12824,93,9,11,2,1,1,4,92,1,8,53,10,2,2,1,31,4,0.21428571428571427,1,1.2208657047724751,2559.680638722555
38,0,0,1,1,3,17605,48,16,2,0,3,5,2,13,0,3,47,3,3,3,2,19,3,0.42105263157894735,0,0.12492192379762647,5848.837209302326
31,0,2,3,1,1,5994,47,22,5,8,4,1,3,89,1,9,44,14,1,3,3,2,2,0.7096774193548387,1,0.22716946842344388,5934.653465346534
29,0,1,3,3,4,5121,79,20,11,0,2,3,4,52,0,6,34,0,3,4,2,12,2,0.6896551724137931,0,0.5497251374312843,1277.0573566084788
47,1,1,1,0,5,13754,57,7,12,6,3,2,3,60,0,7,36,4,1,4,2,30,1,0.14893617021276595,0,1.7118402282453637,2745.309381237525
22,0,0,3,0,2,14357,46,11,10,0,3,5,4,39,0,7,52,19,3,3,3,40,2,0.5,0,0.9082652134423251,7142.786069651742
40,0,2,4,2,1,12130,53,22,4,2,3,2,1,97,0,2,33,19,4,4,4,4,2,0.55,0,0.1817355747387551,12009.90099009901
41,0,0,4,2,2,9103,63,3,12,8,1,4,2,29,0,3,38,14,1,1,1,46,3,0.07317073170731707,0,3.98671096345515,4528.855721393035
59,0,0,0,2,1,8428,54,5,2,7,4,4,1,5,0,7,46,0,3,3,3,15,2,0.0847457627118644,0,0.3992015968063872,8344.554455445545
27,0,2,3,3,4,3786,62,10,3,6,2,2,2,61,0,9,45,16,4,3,1,7,1,0.37037037037037035,0,0.2997002997002997,944.139650872818
45,0,0,0,1,5,16946,68,18,11,0,1,4,1,2,0,3,57,6,4,2,2,13,1,0.4,0,0.6107717934480843,3382.435129740519
35,1,0,3,0,5,5118,53,26,10,0,3,1,4,27,0,7,53,10,4,3,1,10,1,0.7428571428571429,0,0.3844675124951941,1021.556886227545
51,1,2,1,0,4,5156,56,25,5,3,4,5,4,98,0,4,44,18,3,1,4,33,3,0.49019607843137253,0,0.1999200319872051,1285.7855361596012
52,1,0,0,2,4,14826,89,27,5,0,3,2,2,9,1,4,45,7,3,2,1,46,1,0.5192307692307693,2,0.18511662347278784,3697.256857855362
54,0,1,3,2,3,18103,87,17,11,4,4,2,3,57,0,3,37,15,2,2,4,5,2,0.3148148148148148,0,0.6466784244562022,6014.285714285715
21,1,1,0,1,5,15388,79,14,2,1,1,4,4,49,0,2,48,14,2,2,1,15,2,0.6666666666666666,0,0.14275517487508924,3071.457085828343
36,0,2,4,2,2,19678,73,13,14,3,3,3,4,36,0,2,59,9,2,4,2,14,1,0.3611111111111111,0,1.0760953112990008,9790.049751243781
35,0,2,0,0,2,19234,39,18,1,3,3,2,3,52,0,7,40,18,1,4,2,16,3,0.5142857142857142,0,0.05552470849528039,9569.154228855723
51,1,2,1,1,2,4784,76,14,8,8,3,5,4,62,1,6,56,19,2,4,4,32,4,0.27450980392156865,5,0.5710206995003569,2380.0995024875624
42,0,1,1,1,2,12261,50,28,4,2,3,4,4,72,1,4,31,13,3,2,2,28,1,0.6666666666666666,4,0.14280614066404854,6100.000000000001
51,0,2,1,0,1,3983,54,19,12,3,4,1,3,83,0,2,33,15,2,3,2,1,4,0.37254901960784315,0,0.6312467122567069,3943.5643564356437
20,1,0,2,1,4,17252,32,9,2,6,4,2,4,65,0,7,58,17,3,1,3,37,4,0.45,0,0.22197558268590456,4302.244389027432
31,1,1,2,0,3,5181,53,24,5,9,2,1,2,49,1,4,59,19,3,3,4,36,1,0.7741935483870968,1,0.2082465639316951,1721.262458471761
53,0,2,1,0,2,8529,60,17,6,9,1,2,1,7,0,6,38,1,1,4,3,44,2,0.32075471698113206,0,0.3527336860670194,4243.2835820895525
24,0,1,1,3,2,14360,87,28,5,7,1,4,4,34,0,4,53,4,1,1,4,16,4,1.1666666666666667,0,0.1785076758300607,7144.278606965175
56,1,0,4,3,1,12281,99,20,1,1,2,2,2,5,1,2,47,7,1,2,4,2,4,0.35714285714285715,2,0.04997501249375312,12159.405940594059
38,1,0,3,2,1,12873,53,29,1,7,4,3,4,89,0,7,49,0,1,1,4,11,1,0.7631578947368421,0,0.03447087211306446,12745.544554455446
39,1,1,2,3,4,3523,97,15,6,2,1,4,1,55,0,2,30,10,4,4,1,40,4,0.38461538461538464,0,0.39973351099267157,878.5536159600998
53,1,2,4,3,1,15466,45,28,3,5,1,4,3,12,1,3,40,3,3,3,4,28,4,0.5283018867924528,4,0.10710460549803641,15312.871287128713
25,0,0,3,2,2,6866,40,29,7,1,3,2,3,82,0,2,59,2,1,1,2,12,1,1.16,0,0.24129610479145122,3415.9203980099505
47,1,2,3,3,5,7180,17,29,6,9,3,5,3,61,1,6,42,0,1,2,2,44,3,0.6170212765957447,5,0.20682523267838676,1433.1337325349302
38,1,1,0,1,3,5646,94,18,11,6,3,4,1,9,0,5,43,8,4,1,1,36,1,0.47368421052631576,0,0.6107717934480843,1875.747508305648
29,0,0,2,3,1,10951,94,20,12,0,4,5,4,90,1,3,57,9,1,2,1,28,2,0.6896551724137931,5,0.5997001499250374,10842.574257425742
27,1,2,0,2,4,12290,40,29,12,0,2,3,2,33,1,4,40,8,2,4,2,9,1,1.0740740740740742,3,0.4136504653567735,3064.837905236908
50,0,1,1,0,1,4551,86,27,1,2,3,1,2,86,1,6,58,0,4,1,2,5,2,0.54,1,0.03702332469455757,4505.940594059406
58,0,0,4,1,3,18859,58,8,1,3,1,3,4,89,0,8,46,3,2,2,3,17,3,0.13793103448275862,0,0.12484394506866417,6265.448504983389
48,0,1,1,0,5,10774,47,29,13,0,4,5,2,49,0,8,49,9,4,1,4,36,4,0.6041666666666666,0,0.44812133746983795,2150.4990019960082
50,0,1,3,0,1,17645,84,15,13,7,1,1,2,31,1,8,44,0,3,4,2,19,4,0.3,1,0.866089273817455,17470.29702970297
23,1,2,1,0,3,19781,32,20,11,4,4,5,2,80,0,1,43,17,4,2,3,1,3,0.8695652173913043,0,0.5497251374312843,6571.760797342193
21,0,0,0,0,4,14671,31,6,9,9,3,1,4,10,1,1,31,4,3,2,1,24,4,0.2857142857142857,1,1.497504159733777,3658.6034912718205
36,1,2,2,1,5,12837,44,29,4,8,2,5,1,79,0,1,34,17,2,1,3,33,4,0.8055555555555556,0,0.13788348845225784,2562.2754491017963
49,1,2,4,2,5,18489,85,28,7,9,2,1,1,95,1,6,56,13,1,1,3,10,3,0.5714285714285714,1,0.24991074616208495,3690.419161676647
55,0,2,3,0,3,4268,76,2,8,0,3,3,4,59,0,9,49,9,3,3,2,12,4,0.03636363636363636,0,3.9800995024875627,1417.9401993355482
30,1,0,2,1,3,13833,86,6,14,0,2,2,1,80,1,3,34,4,3,3,2,18,2,0.2,2,2.329450915141431,4595.681063122924
44,0,2,1,1,2,13691,41,28,6,8,2,2,4,74,1,3,41,4,4,3,2,4,3,0.6363636363636364,2,0.21420921099607282,6811.442786069652
46,1,0,3,1,5,3599,96,26,9,2,3,3,1,75,0,3,37,12,1,4,2,38,2,0.5652173913043478,0,0.3460207612456747,718.3632734530938
58,0,2,0,1,3,16353,79,11,11,6,2,5,3,17,1,5,59,18,1,4,2,15,3,0.1896551724137931,5,0.9990917347865577,5432.890365448506
25,0,1,0,1,4,18906,76,29,12,2,2,5,3,37,1,2,30,18,2,2,3,8,3,1.16,5,0.4136504653567735,4714.713216957606
35,1,1,0,2,1,15478,73,25,10,0,3,1,2,50,0,7,31,3,4,4,2,34,1,0.7142857142857143,0,0.3998400639744102,15324.752475247524
24,1,0,1,3,3,5841,56,20,2,5,2,3,1,0,0,3,52,17,3,3,3,40,4,0.8333333333333334,0,0.09995002498750624,1940.5315614617941
58,1,1,1,3,5,18470,71,25,9,1,4,1,3,11,1,8,40,7,2,1,1,23,4,0.43103448275862066,1,0.3598560575769692,3686.6267465069864
32,1,0,1,3,2,15182,56,8,11,0,3,4,1,84,0,1,34,18,2,3,1,42,3,0.25,0,1.373283395755306,7553.233830845772
48,0,1,4,0,3,14469,90,7,6,0,3,1,1,15,0,3,52,14,1,1,2,34,3,0.14583333333333334,0,0.8559201141226819,4806.976744186047
38,1,0,4,1,4,17130,56,23,13,3,1,2,4,3,1,9,51,11,3,2,2,5,4,0.6052631578947368,2,0.5649717514124294,4271.820448877806
43,0,2,3,2,4,7078,88,14,10,8,4,5,4,4,0,9,42,8,4,1,4,46,4,0.32558139534883723,0,0.7137758743754461,1765.0872817955112
23,1,0,2,3,3,4505,37,26,12,9,2,3,1,35,1,9,40,19,1,4,2,36,4,1.1304347826086956,3,0.46136101499423293,1496.6777408637874
31,1,2,1,0,3,3534,23,26,4,3,4,4,3,55,1,4,38,9,4,4,3,39,4,0.8387096774193549,4,0.15378700499807765,1174.0863787375415
48,0,0,1,0,3,12654,33,13,1,6,1,4,4,82,0,3,38,16,2,2,4,9,1,0.2708333333333333,0,0.07686395080707148,4203.986710963455
33,1,2,1,3,2,6968,97,23,2,3,2,5,1,80,1,6,40,9,1,1,2,37,3,0.696969696969697,5,0.0869187309865276,3466.666666666667
46,1,0,4,0,5,17308,51,19,12,1,2,2,3,26,1,2,31,18,3,1,1,30,3,0.41304347826086957,2,0.6312467122567069,3454.6906187624754
28,1,0,0,0,5,9568,88,24,9,3,2,2,3,47,0,1,37,8,2,2,1,26,2,0.8571428571428571,0,0.3748438150770512,1909.7804391217567
42,1,0,3,3,2,13050,65,21,1,6,4,4,4,37,1,2,52,5,3,2,2,29,1,0.5,4,0.047596382674916705,6492.5373134328365
42,0,2,2,3,3,3060,29,28,12,9,3,1,1,95,0,2,58,5,1,2,1,29,2,0.6666666666666666,0,0.42841842199214564,1016.6112956810632
50,1,1,3,1,4,16666,31,14,9,7,1,4,1,4,1,4,43,7,4,1,4,14,3,0.28,4,0.6423982869379015,4156.109725685786
29,0,0,4,2,5,5881,39,24,7,5,4,4,3,31,1,2,57,14,2,1,2,11,1,0.8275862068965517,4,0.29154518950437314,1173.8522954091816
32,1,1,1,2,4,12017,78,3,5,0,1,2,1,65,1,8,44,10,4,2,3,45,2,0.09375,2,1.6611295681063125,2996.758104738155
54,0,1,4,1,1,12190,75,23,5,2,1,1,1,61,0,6,48,5,1,4,1,28,4,0.42592592592592593,0,0.21729682746631898,12069.306930693068
44,1,2,1,0,1,6432,31,16,12,5,2,2,4,45,0,6,36,0,4,2,2,42,1,0.36363636363636365,0,0.7495315427857588,6368.316831683168
45,1,0,2,1,4,18124,99,12,7,2,4,4,3,56,0,1,51,17,4,4,4,10,1,0.26666666666666666,0,0.5828476269775188,4519.700748129676
41,1,1,4,2,3,3787,41,26,13,1,1,3,4,24,1,8,33,18,4,2,2,43,2,0.6341463414634146,3,0.4998077662437524,1258.1395348837211
34,1,2,0,0,1,5035,27,18,8,6,4,5,2,98,0,9,35,8,1,1,3,19,2,0.5294117647058824,0,0.44419766796224314,4985.148514851485
22,0,2,2,3,2,18882,76,7,5,9,3,4,4,85,1,4,34,18,2,4,3,41,3,0.3181818181818182,4,0.7132667617689016,9394.02985074627
21,0,0,3,2,1,8680,80,25,9,6,2,5,2,18,0,4,57,15,2,3,3,49,4,1.1904761904761905,0,0.3598560575769692,8594.059405940594
21,1,2,0,2,4,12095,24,23,7,1,3,4,4,28,1,3,49,19,3,1,2,13,4,1.0952380952380953,4,0.3042155584528466,3016.2094763092273
37,0,1,0,0,1,18240,91,1,9,2,2,1,1,29,0,6,57,14,2,2,2,39,3,0.02702702702702703,0,8.910891089108912,18059.40594059406
32,1,1,0,2,4,17998,72,18,6,6,4,5,1,35,0,2,56,18,1,3,3,30,3,0.5625,0,0.3331482509716824,4488.279301745636
27,1,0,2,3,2,8229,52,25,13,0,2,4,1,85,1,3,57,5,3,1,4,41,4,0.9259259259259259,4,0.5197920831667333,4094.029850746269
35,0,0,2,3,3,14087,65,16,8,3,1,5,2,52,0,8,38,14,2,2,3,41,3,0.45714285714285713,0,0.4996876951905059,4680.066445182724
36,1,0,0,1,1,16327,52,27,5,5,3,3,3,21,1,8,45,3,1,1,3,38,1,0.75,3,0.18511662347278784,16165.346534653465
25,1,0,4,0,3,12265,83,18,2,0,3,3,2,46,1,5,30,7,4,4,4,4,2,0.72,3,0.11104941699056078,4074.7508305647843
37,1,0,1,2,2,12906,67,11,1,1,2,5,2,50,0,9,43,0,2,1,1,28,3,0.2972972972972973,0,0.09082652134423251,6420.89552238806
44,0,1,0,2,2,11346,59,19,11,6,4,5,3,85,0,8,50,6,2,3,2,48,1,0.4318181818181818,0,0.578642819568648,5644.776119402985
40,1,2,3,1,2,19252,95,18,12,5,4,2,4,72,1,1,30,3,4,2,3,5,2,0.45,2,0.6662965019433648,9578.10945273632
46,0,0,3,2,5,14475,78,19,3,0,1,5,4,18,1,5,38,5,1,4,3,15,2,0.41304347826086957,5,0.15781167806417673,2889.2215568862275
25,1,2,1,0,1,8867,30,16,6,9,4,1,3,67,0,4,45,1,2,2,1,11,3,0.64,0,0.3747657713928794,8779.20792079208
31,0,2,2,0,4,4478,68,22,8,0,2,5,2,36,1,2,30,9,4,4,3,14,3,0.7096774193548387,5,0.3634711494775102,1116.708229426434
55,1,1,3,2,4,7922,97,3,4,8,4,4,1,74,1,4,42,7,2,4,3,31,1,0.05454545454545454,4,1.3289036544850499,1975.561097256858
40,1,2,3,3,1,3215,58,12,2,8,2,4,4,23,1,8,41,9,2,2,3,48,1,0.3,4,0.16652789342214822,3183.168316831683
59,0,0,2,2,5,10367,68,1,9,1,3,4,1,99,1,4,43,11,1,4,2,10,3,0.01694915254237288,4,8.910891089108912,2069.261477045908
45,0,0,1,1,5,8014,58,25,1,0,3,2,2,72,1,3,48,18,4,2,3,43,2,0.5555555555555556,2,0.03998400639744102,1599.6007984031937
35,0,0,3,1,1,19172,41,2,9,9,3,1,4,30,1,4,37,16,3,3,1,2,3,0.05714285714285714,1,4.477611940298508,18982.178217821784
58,1,0,0,1,3,16746,48,15,9,3,4,2,3,66,0,9,35,9,2,2,3,24,1,0.25862068965517243,0,0.5996002664890073,5563.455149501661
53,1,2,4,1,5,4449,47,5,10,6,2,2,4,88,1,1,48,5,2,2,2,2,4,0.09433962264150944,2,1.9960079840319362,888.0239520958085
41,1,2,1,0,3,16731,95,18,7,2,2,5,2,43,1,6,37,13,1,2,3,28,4,0.43902439024390244,5,0.3886729594669628,5558.4717607973425
59,0,1,1,1,3,12290,18,8,7,0,3,2,4,71,1,9,49,15,4,4,1,26,3,0.13559322033898305,2,0.8739076154806492,4083.056478405316
45,1,1,1,0,4,19709,71,9,1,2,3,1,2,90,0,3,47,4,1,2,2,4,4,0.2,0,0.11098779134295228,4914.962593516209
52,1,2,0,1,5,14927,81,10,12,6,3,3,4,52,0,6,32,0,1,1,3,3,2,0.19230769230769232,0,1.1988011988011988,2979.441117764471
27,1,2,3,0,4,8798,85,5,3,1,2,3,2,49,1,1,48,1,3,3,2,29,3,0.18518518518518517,3,0.5988023952095809,2194.0149625935164
52,1,1,3,3,3,3946,46,26,5,0,1,1,1,23,1,2,44,15,4,2,4,7,4,0.5,1,0.19223375624759706,1310.9634551495017
47,1,2,0,2,4,10833,72,8,8,0,3,2,1,29,1,5,33,12,3,4,3,37,2,0.1702127659574468,2,0.9987515605493134,2701.496259351621
44,0,1,4,2,4,18792,21,15,10,8,4,4,1,77,0,2,44,16,2,4,2,32,4,0.3409090909090909,0,0.6662225183211192,4686.2842892768085
28,1,0,1,2,1,5795,45,1,6,9,4,4,4,79,0,1,44,6,2,4,2,32,4,0.03571428571428571,0,5.9405940594059405,5737.623762376237
24,0,0,4,2,4,6089,55,2,5,7,1,3,3,77,0,2,36,11,1,3,2,6,1,0.08333333333333333,0,2.4875621890547266,1518.4538653366585
57,0,2,2,3,4,12782,87,25,8,1,2,3,1,70,1,8,36,5,4,1,3,48,1,0.43859649122807015,3,0.31987205117952816,3187.5311720698255
47,1,1,2,0,2,13570,90,6,10,4,4,2,4,56,0,6,35,14,2,2,4,47,2,0.1276595744680851,0,1.663893510815308,6751.2437810945285
52,1,1,2,0,1,17086,34,22,4,4,4,4,2,31,0,6,52,11,3,3,3,40,1,0.4230769230769231,0,0.1817355747387551,16916.831683168315
24,1,2,4,3,3,13304,54,6,12,8,3,5,2,15,0,1,40,3,3,1,4,37,1,0.25,0,1.9966722129783694,4419.933554817276
23,1,0,4,2,5,13064,75,23,11,6,1,1,4,31,1,6,56,3,1,2,3,11,4,1.0,1,0.47805302042590175,2607.5848303393213
56,0,0,0,0,2,5933,19,25,6,3,2,3,4,56,1,3,59,18,2,3,4,46,4,0.44642857142857145,3,0.23990403838464613,2951.7412935323387
48,1,2,0,2,5,7994,63,3,13,7,3,5,2,26,1,4,48,18,2,1,2,33,1,0.0625,5,4.318936877076412,1595.6087824351298
55,1,1,2,0,3,6225,28,4,13,3,3,4,2,68,1,2,32,0,2,1,1,25,4,0.07272727272727272,4,3.2418952618453867,2068.106312292359
57,1,1,0,0,5,6981,96,18,4,2,1,4,3,47,0,9,44,16,4,3,1,43,3,0.3157894736842105,0,0.22209883398112157,1393.4131736526947
27,1,0,0,0,3,4299,87,7,4,9,1,4,3,39,0,7,32,16,1,3,2,49,3,0.25925925925925924,0,0.5706134094151213,1428.2392026578075
54,1,1,4,0,4,5575,39,10,8,7,2,5,2,83,0,4,34,6,2,2,4,1,4,0.18518518518518517,0,0.7992007992007992,1390.2743142144639
36,1,1,4,2,2,4390,88,11,4,2,3,1,4,11,0,9,59,17,1,2,2,21,4,0.3055555555555556,0,0.36330608537693004,2184.07960199005
32,1,2,0,2,2,9893,57,21,14,1,3,4,1,17,0,6,35,14,2,3,4,24,3,0.65625,0,0.6663493574488338,4921.8905472636825
43,1,1,0,0,1,19663,99,3,14,7,1,4,1,9,1,5,52,10,3,4,1,44,4,0.06976744186046512,4,4.651162790697675,19468.31683168317
56,1,1,0,2,3,7920,89,15,4,9,4,4,2,15,0,5,44,1,4,4,3,5,1,0.26785714285714285,0,0.2664890073284477,2631.229235880399
45,0,0,0,2,5,12142,77,12,8,5,2,5,2,91,1,2,59,14,3,2,3,25,1,0.26666666666666666,5,0.6661115736885929,2423.552894211577
44,1,1,1,2,1,12225,60,18,14,6,3,1,2,71,0,8,50,8,3,1,3,20,1,0.4090909090909091,0,0.7773459189339256,12103.960396039603
45,1,0,2,0,4,9365,29,12,14,8,1,3,3,6,0,7,42,11,1,4,1,37,3,0.26666666666666666,0,1.1656952539550376,2335.411471321696
48,1,0,3,3,5,15632,83,7,4,3,1,3,4,29,1,5,41,12,3,1,3,22,2,0.14583333333333334,3,0.5706134094151213,3120.159680638723
36,0,0,3,1,5,3272,55,8,3,8,2,2,1,64,0,6,51,5,3,2,3,1,4,0.2222222222222222,0,0.37453183520599254,653.0938123752495
57,1,1,3,2,2,6010,67,18,13,5,2,3,4,34,1,1,39,15,4,3,2,32,4,0.3157894736842105,3,0.7218212104386451,2990.0497512437814
45,1,0,3,3,1,13143,49,3,8,9,2,3,3,22,1,5,56,15,2,3,1,18,2,0.06666666666666667,3,2.6578073089700998,13012.871287128713
35,1,2,0,1,4,15995,73,2,4,5,2,5,4,39,0,8,58,18,2,4,3,28,1,0.05714285714285714,0,1.9900497512437814,3988.778054862843
30,1,1,2,0,5,14671,31,18,3,5,4,1,1,42,1,2,36,8,3,4,2,48,3,0.6,1,0.1665741254858412,2928.3433133732537
45,0,2,2,0,3,9719,79,13,14,4,2,5,3,46,0,3,33,16,2,4,1,11,4,0.28888888888888886,0,1.0760953112990008,3228.90365448505
34,0,0,1,2,3,5716,35,1,2,2,1,4,1,33,1,1,35,10,1,1,2,14,2,0.029411764705882353,4,1.9801980198019802,1899.0033222591364
34,0,1,1,2,4,16647,83,8,13,3,2,2,2,22,1,4,39,9,3,3,3,45,2,0.23529411764705882,2,1.6229712858926342,4151.371571072319
26,1,0,1,3,5,8618,26,15,3,1,2,5,4,4,1,8,33,14,3,4,3,46,2,0.5769230769230769,5,0.19986675549633579,1720.1596806387226
21,1,2,3,1,3,11269,28,6,2,3,2,3,4,79,1,7,47,7,1,1,2,47,3,0.2857142857142857,3,0.3327787021630616,3743.853820598007
48,1,2,4,1,4,5741,56,12,9,5,4,4,3,73,0,8,52,11,1,3,4,5,1,0.25,0,0.7493755203996669,1431.6708229426436
47,0,2,2,3,4,18881,46,18,8,5,3,5,1,76,0,5,45,15,1,2,2,6,3,0.3829787234042553,0,0.44419766796224314,4708.478802992519
55,0,1,2,1,2,4515,85,29,11,4,3,2,1,78,0,6,34,13,3,4,1,44,3,0.5272727272727272,0,0.37917959324370903,2246.2686567164183
55,0,0,4,3,1,14819,72,5,13,0,1,2,4,55,0,5,32,13,2,3,3,1,2,0.09090909090909091,0,2.594810379241517,14672.277227722772
25,0,0,1,3,3,5460,43,12,7,7,2,4,2,29,1,6,36,0,4,2,4,2,1,0.48,4,0.5828476269775188,1813.9534883720933
47,1,0,0,0,3,13878,22,26,1,4,3,2,3,90,0,9,54,18,1,3,4,12,2,0.5531914893617021,0,0.03844675124951941,4610.631229235881
32,1,2,1,3,5,11792,91,27,4,8,2,1,2,8,1,9,39,4,1,2,4,40,1,0.84375,1,0.14809329877823027,2353.6926147704594
40,0,1,4,2,2,15172,86,12,4,3,1,4,4,18,1,5,36,0,3,3,4,31,3,0.3,4,0.33305578684429643,7548.258706467663
20,0,1,1,1,2,4317,45,24,1,3,2,2,1,34,1,9,51,7,4,4,2,35,4,1.2,2,0.04164931278633902,2147.761194029851
53,1,0,4,1,4,7897,59,11,9,0,4,4,3,25,0,3,34,17,1,3,4,3,1,0.20754716981132076,0,0.8174386920980926,1969.3266832917707
48,1,2,3,3,5,15744,26,6,13,1,1,5,1,44,0,4,39,15,1,4,3,44,1,0.125,0,2.1630615640599,3142.5149700598804
45,0,0,3,3,3,17904,84,11,9,1,4,1,4,16,1,1,43,7,2,3,1,33,2,0.24444444444444444,1,0.8174386920980926,5948.172757475084
41,0,0,4,0,3,3240,42,23,13,3,3,1,4,86,1,7,51,12,4,1,3,20,4,0.5609756097560976,1,0.5649717514124294,1076.4119601328905
41,1,2,4,2,5,8696,71,9,11,6,2,3,4,23,0,1,53,5,1,3,2,23,1,0.21951219512195122,0,1.2208657047724751,1735.7285429141718
38,1,1,0,3,5,17892,33,5,8,7,1,1,1,86,1,1,49,1,2,3,3,21,3,0.13157894736842105,1,1.596806387225549,3571.25748502994
25,0,2,4,2,4,12951,21,3,7,7,4,5,2,45,0,8,44,19,1,4,3,19,2,0.12,0,2.3255813953488373,3229.6758104738155
29,0,2,0,1,5,17226,56,14,12,6,4,2,4,37,1,4,42,15,2,3,4,27,2,0.4827586206896552,2,0.8565310492505354,3438.323353293413
27,0,1,1,0,2,7243,79,17,13,5,3,4,4,12,0,4,54,18,2,3,3,22,4,0.6296296296296297,0,0.7642563198118753,3603.482587064677
27,0,0,1,0,2,4172,76,24,14,3,4,5,4,76,0,4,46,10,3,1,4,24,4,0.8888888888888888,0,0.5830903790087463,2075.621890547264
48,1,2,0,2,5,4867,50,12,9,4,3,1,3,70,0,2,33,7,3,2,4,26,4,0.25,0,0.7493755203996669,971.4570858283433
48,1,0,0,1,4,19684,66,3,3,4,2,1,1,22,1,3,59,18,4,3,2,14,2,0.0625,1,0.9966777408637875,4908.728179551123
40,0,1,3,2,2,10769,31,21,8,9,3,4,3,24,1,2,49,4,2,2,3,13,4,0.525,4,0.38077106139933364,5357.711442786071
20,1,1,4,0,5,19626,44,28,7,0,1,4,3,54,1,1,56,3,1,3,2,30,1,1.4,4,0.24991074616208495,3917.365269461078
35,0,0,4,2,2,8209,50,25,6,0,4,4,2,78,1,1,51,19,2,4,1,46,1,0.7142857142857143,4,0.23990403838464613,4084.0796019900504
43,1,1,4,2,1,3918,29,14,3,8,3,4,3,81,0,3,42,18,1,4,3,31,3,0.32558139534883723,0,0.21413276231263384,3879.207920792079
47,1,2,4,2,1,5212,27,27,5,0,2,3,2,77,0,8,58,13,3,3,4,41,1,0.574468085106383,0,0.18511662347278784,5160.39603960396
23,1,0,4,1,5,10940,23,18,7,9,3,2,2,66,0,8,57,6,1,1,3,28,4,0.782608695652174,0,0.3886729594669628,2183.6327345309383
28,1,0,1,1,5,10788,68,17,7,3,1,3,1,92,1,3,43,14,2,2,2,24,4,0.6071428571428571,3,0.4115226337448559,2153.293413173653
27,1,0,0,1,1,7270,23,12,12,0,1,4,1,59,1,3,58,2,1,3,4,8,3,0.4444444444444444,4,0.9991673605328892,7198.019801980198
52,0,2,0,0,3,4212,42,15,2,6,3,3,1,51,1,9,31,19,4,1,3,33,3,0.28846153846153844,3,0.13324450366422386,1399.3355481727576
55,1,2,1,3,3,6729,99,6,1,6,1,5,4,40,0,4,45,10,4,4,4,44,3,0.10909090909090909,0,0.1663893510815308,2235.548172757475
59,1,1,3,2,5,11926,79,9,6,5,3,4,4,6,0,8,41,13,2,4,4,44,4,0.15254237288135594,0,0.6659267480577137,2380.439121756487
41,0,0,4,3,5,9080,23,27,3,5,2,5,3,31,0,2,42,3,2,4,1,26,4,0.6585365853658537,0,0.11106997408367271,1812.375249500998
47,0,1,0,3,4,14440,16,7,7,7,1,5,1,39,0,9,39,12,3,3,3,42,1,0.14893617021276595,0,0.9985734664764623,3600.9975062344142
24,1,2,4,3,3,10533,23,11,10,1,3,3,3,17,0,9,42,19,2,4,2,24,2,0.4583333333333333,0,0.9082652134423251,3499.3355481727576
22,1,2,4,0,3,5521,60,14,2,1,1,5,4,14,1,2,45,5,2,3,2,17,3,0.6363636363636364,5,0.14275517487508924,1834.2192691029902
47,0,2,2,1,3,19226,19,19,14,9,2,3,3,39,1,1,55,16,2,2,4,35,2,0.40425531914893614,3,0.7364544976328248,6387.375415282392
48,0,2,1,0,1,14891,58,20,12,7,2,5,3,76,0,8,41,2,3,4,3,23,3,0.4166666666666667,0,0.5997001499250374,14743.564356435643
52,0,1,4,2,1,4537,55,22,13,3,3,1,1,45,1,1,52,6,1,1,4,22,1,0.4230769230769231,1,0.5906406179009541,4492.079207920792
47,1,1,4,2,2,18454,81,27,4,9,1,4,4,27,1,2,52,19,1,3,4,13,3,0.574468085106383,4,0.14809329877823027,9181.094527363184
44,1,1,4,1,3,6332,46,3,12,1,4,3,3,75,1,3,53,8,3,3,2,6,1,0.06818181818181818,3,3.98671096345515,2103.654485049834
59,1,0,1,2,1,8831,59,3,12,4,1,5,3,45,0,6,33,0,3,3,2,20,2,0.05084745762711865,0,3.98671096345515,8743.564356435643
28,0,0,1,2,1,4129,93,3,3,6,3,4,2,75,1,9,36,10,4,4,2,5,1,0.10714285714285714,4,0.9966777408637875,4088.118811881188
34,1,1,0,0,4,10011,46,1,5,6,1,1,1,26,0,3,36,17,1,1,4,43,1,0.029411764705882353,0,4.9504950495049505,2496.5087281795513
52,0,2,3,0,1,11219,96,21,5,0,3,5,1,57,0,3,51,10,2,4,3,45,3,0.40384615384615385,0,0.23798191337458352,11107.920792079209
22,1,0,1,2,3,7270,72,9,10,5,1,2,1,2,1,8,57,11,2,3,4,10,2,0.4090909090909091,2,1.1098779134295227,2415.2823920265782
58,1,0,3,1,1,11044,22,14,3,5,1,1,4,1,1,4,40,19,4,2,2,45,3,0.2413793103448276,1,0.21413276231263384,10934.653465346535
22,0,1,2,3,5,6637,90,19,10,7,3,3,3,67,1,9,45,7,1,3,3,34,1,0.8636363636363636,3,0.5260389268805892,1324.750499001996
51,0,1,1,3,1,13832,16,28,10,1,1,5,1,81,0,5,39,9,3,2,1,26,2,0.5490196078431373,0,0.3570153516601214,13695.049504950495
36,1,2,0,3,4,7588,62,22,8,8,4,3,1,78,1,4,37,15,3,4,1,9,4,0.6111111111111112,3,0.3634711494775102,1892.2693266832919
35,1,0,0,3,5,13310,58,17,11,7,1,5,1,74,1,9,46,13,4,1,3,11,2,0.4857142857142857,5,0.6466784244562022,2656.686626746507
31,0,2,4,3,3,10509,19,23,1,4,3,1,3,79,0,7,48,7,4,1,4,36,1,0.7419354838709677,0,0.0434593654932638,3491.3621262458473
46,1,1,3,0,5,17541,20,20,8,4,4,5,3,63,0,7,50,1,2,1,1,16,3,0.43478260869565216,0,0.39980009995002497,3501.1976047904195
58,0,1,4,0,3,9691,17,4,9,9,1,5,1,39,0,1,48,3,1,2,1,26,4,0.06896551724137931,0,2.2443890274314215,3219.6013289036546
51,1,1,0,1,1,15979,85,11,2,9,1,4,4,41,0,9,41,18,2,2,2,22,3,0.21568627450980393,0,0.18165304268846502,15820.79207920792
24,1,0,1,2,3,13486,26,20,4,2,4,2,1,56,0,9,38,9,3,3,4,23,2,0.8333333333333334,0,0.19990004997501248,4480.398671096345
47,1,0,3,0,5,4466,68,25,4,6,1,2,4,39,1,6,42,11,2,4,4,41,2,0.5319148936170213,2,0.15993602558976408,891.4171656686627
33,0,0,3,0,3,10950,24,22,10,7,1,3,4,24,1,3,31,17,4,3,3,23,2,0.6666666666666666,3,0.45433893684688775,3637.8737541528244
37,1,1,3,1,2,12974,42,3,11,4,1,5,2,44,0,1,54,9,2,2,1,24,3,0.08108108108108109,0,3.6544850498338874,6454.726368159205
26,0,1,0,0,2,4436,72,27,5,9,2,4,4,39,0,2,55,0,1,3,4,21,1,1.0384615384615385,0,0.18511662347278784,2206.9651741293533
22,1,1,1,3,5,10382,90,18,1,0,2,2,1,82,1,3,54,17,1,1,2,47,1,0.8181818181818182,2,0.05552470849528039,2072.2554890219562
52,0,2,4,3,3,9937,29,7,8,8,4,1,3,71,1,1,58,4,3,4,1,37,2,0.1346153846153846,1,1.1412268188302426,3301.328903654485
46,0,1,1,2,1,15185,94,21,6,0,3,1,1,32,0,5,43,0,4,1,3,19,3,0.45652173913043476,0,0.2855782960495002,15034.653465346535
55,0,1,2,1,1,17622,74,5,1,7,1,5,2,73,0,5,33,14,1,4,2,8,1,0.09090909090909091,0,0.1996007984031936,17447.52475247525
45,0,0,4,3,4,9671,32,21,7,4,2,1,3,43,1,7,51,4,1,3,1,5,2,0.4666666666666667,1,0.3331746787244169,2411.7206982543644
59,0,1,4,2,3,14294,82,17,8,9,2,1,1,16,0,4,55,15,4,4,3,33,2,0.288135593220339,0,0.47031158142269247,4748.837209302326
20,0,2,3,3,5,11844,63,17,13,3,2,4,4,15,0,8,34,19,4,4,3,5,4,0.85,0,0.7642563198118753,2364.0718562874254
28,1,1,3,1,5,8471,78,16,9,8,1,1,2,85,0,4,55,5,2,3,3,6,2,0.5714285714285714,0,0.5621486570893192,1690.818363273453
30,0,2,1,1,5,13364,68,21,1,0,3,3,1,78,1,7,40,8,4,2,2,17,4,0.7,3,0.047596382674916705,2667.4650698602795
55,0,0,2,3,3,18613,31,22,3,8,1,4,4,69,1,7,51,5,2,1,3,24,3,0.4,4,0.13630168105406631,6183.720930232558
54,1,1,0,2,2,4552,30,22,11,4,1,1,4,99,1,7,45,7,1,1,1,34,1,0.4074074074074074,1,0.4997728305315765,2264.676616915423
33,1,1,3,2,4,7086,79,21,3,8,4,5,2,73,0,7,33,2,4,4,1,22,2,0.6363636363636364,0,0.1427891480247501,1767.0822942643392
55,0,0,1,2,1,4462,89,18,2,0,1,1,4,64,1,1,56,19,2,3,4,3,4,0.32727272727272727,1,0.11104941699056078,4417.821782178218
58,0,0,1,0,1,11106,16,23,6,3,2,3,3,61,0,6,45,7,1,1,3,21,2,0.39655172413793105,0,0.2607561929595828,10996.039603960397
21,0,2,3,3,4,10008,88,7,12,8,3,5,4,87,0,1,46,17,3,2,3,18,4,0.3333333333333333,0,1.7118402282453637,2495.7605985037408
52,0,0,2,3,1,9704,74,8,10,5,3,5,1,73,1,1,40,11,3,1,4,38,3,0.15384615384615385,5,1.2484394506866416,9607.920792079209
54,0,2,2,3,5,10371,98,25,12,6,3,3,2,64,1,9,37,6,1,4,2,22,3,0.46296296296296297,3,0.47980807676929227,2070.059880239521
46,0,2,4,0,2,11415,63,27,5,7,2,4,4,22,0,2,52,8,1,1,1,47,4,0.5869565217391305,0,0.18511662347278784,5679.104477611941
45,0,1,2,1,2,9331,80,2,5,8,2,2,4,17,1,3,51,5,2,4,3,47,4,0.044444444444444446,2,2.4875621890547266,4642.288557213931
35,0,1,1,2,1,13530,35,3,9,4,1,4,2,46,0,3,36,1,4,2,3,43,2,0.08571428571428572,0,2.990033222591362,13396.039603960397
35,0,1,2,3,3,19268,28,21,11,7,2,3,1,78,0,3,58,18,4,1,4,25,3,0.6,0,0.5235602094240838,6401.328903654486
56,1,1,0,3,1,18804,71,12,7,4,2,3,3,56,0,1,46,2,2,2,1,39,4,0.21428571428571427,0,0.5828476269775188,18617.821782178216
24,1,0,2,3,3,9701,92,11,7,4,3,4,1,91,0,3,38,17,4,3,2,23,1,0.4583333333333333,0,0.6357856494096277,3222.9235880398674
43,0,2,3,0,1,12316,23,21,12,9,3,5,3,38,0,2,31,6,1,3,1,4,4,0.4883720930232558,0,0.5711565920990004,12194.059405940594
59,0,2,1,0,5,11167,18,1,11,3,2,1,4,70,0,8,42,11,4,2,4,42,3,0.01694915254237288,0,10.891089108910892,2228.9421157684633
33,1,0,0,3,4,19667,84,10,11,8,3,5,3,19,0,9,34,6,4,3,4,4,4,0.30303030303030304,0,1.098901098901099,4904.488778054863
21,0,1,4,3,4,16543,40,20,13,1,1,3,2,73,0,5,36,16,4,1,4,37,3,0.9523809523809523,0,0.6496751624187905,4125.436408977556
45,1,1,0,3,5,7248,38,13,14,4,2,4,3,44,0,2,45,11,3,2,2,23,4,0.28888888888888886,0,1.0760953112990008,1446.7065868263473
46,1,2,0,2,2,5831,73,8,9,9,4,1,1,38,0,4,40,10,3,3,3,29,1,0.17391304347826086,0,1.1235955056179776,2900.995024875622
24,1,2,2,1,1,9396,65,19,7,0,1,5,2,22,1,2,54,17,1,2,2,48,2,0.7916666666666666,5,0.3682272488164124,9302.970297029702
51,0,2,0,3,4,11435,18,28,10,8,3,3,4,47,1,3,54,8,3,2,3,47,2,0.5490196078431373,3,0.3570153516601214,2851.6209476309227
45,0,1,2,1,1,4375,98,2,13,7,1,1,2,58,0,3,37,9,2,2,3,20,2,0.044444444444444446,0,6.467661691542289,4331.683168316832
51,0,1,4,2,3,10707,29,1,7,8,3,4,4,51,0,1,35,18,1,1,2,48,4,0.0196078431372549,0,6.930693069306931,3557.1428571428573
52,1,0,0,3,3,8606,15,27,11,8,3,5,2,85,1,3,38,10,2,1,4,47,1,0.5192307692307693,5,0.40725657164013324,2859.136212624585
47,1,0,4,3,1,16648,28,5,6,5,2,5,2,74,1,6,50,9,3,1,2,15,3,0.10638297872340426,5,1.1976047904191618,16483.16831683168
34,0,1,3,0,5,4301,50,8,9,7,3,2,3,41,0,3,58,15,3,3,4,14,2,0.23529411764705882,0,1.1235955056179776,858.4830339321358
47,0,1,3,2,2,5031,83,27,11,8,1,5,3,43,0,3,31,8,1,3,1,27,3,0.574468085106383,0,0.40725657164013324,2502.9850746268658
37,1,2,3,2,5,18424,49,2,5,7,4,2,1,85,1,8,43,6,3,3,3,19,2,0.05405405405405406,2,2.4875621890547266,3677.4451097804395
44,1,0,4,0,3,9297,61,26,14,9,1,1,2,95,1,2,35,6,2,4,2,49,3,0.5909090909090909,1,0.5382545174932718,3088.7043189368774
34,1,1,3,1,1,13744,24,24,14,8,3,2,1,77,1,6,34,2,3,4,4,45,3,0.7058823529411765,2,0.5830903790087463,13607.920792079209
50,0,1,0,3,4,9391,18,18,6,1,3,5,4,27,1,9,47,16,3,2,1,18,3,0.36,5,0.3331482509716824,2341.895261845387
34,1,1,2,0,1,10867,83,21,13,0,3,5,4,1,0,7,56,12,1,3,3,16,1,0.6176470588235294,0,0.6187529747739171,10759.405940594059
27,1,0,1,2,4,16204,80,19,13,3,2,3,1,45,0,9,37,3,1,3,2,48,1,0.7037037037037037,0,0.6838506049447659,4040.8977556109726
21,1,1,0,0,1,8247,83,10,7,5,2,2,2,97,0,7,34,3,1,1,1,18,2,0.47619047619047616,0,0.6993006993006993,8165.346534653465
53,1,2,3,2,2,13400,55,11,4,5,1,2,4,33,0,7,55,7,2,2,4,34,3,0.20754716981132076,0,0.36330608537693004,6666.666666666667
43,1,0,3,2,4,8417,82,14,6,6,2,3,4,47,0,7,33,14,1,4,1,3,1,0.32558139534883723,0,0.4282655246252677,2099.002493765586
51,0,0,2,1,3,6590,40,11,6,2,4,5,2,2,1,5,47,18,2,3,3,49,2,0.21568627450980393,5,0.5449591280653951,2189.3687707641197
39,0,2,0,1,5,18674,48,6,7,7,3,5,2,5,0,6,50,19,2,1,2,40,3,0.15384615384615385,0,1.1647254575707155,3727.3453093812377
52,1,2,3,1,2,13849,53,14,10,4,3,4,4,77,1,1,56,16,3,1,4,6,4,0.2692307692307692,4,0.7137758743754461,6890.049751243781
34,1,1,1,1,5,10235,91,10,9,9,3,5,2,10,1,2,40,10,2,3,4,47,1,0.29411764705882354,5,0.8991008991008991,2042.9141716566867
44,1,0,0,0,1,10189,88,26,8,8,2,2,2,46,0,7,44,7,4,3,2,46,1,0.5909090909090909,0,0.3075740099961553,10088.118811881188
55,0,1,3,0,5,10328,50,23,1,1,4,3,4,51,1,9,36,14,2,4,4,23,1,0.41818181818181815,3,0.0434593654932638,2061.4770459081838
40,0,0,4,0,2,19931,24,26,10,3,3,4,4,15,1,4,38,6,4,2,3,8,1,0.65,4,0.3844675124951941,9915.920398009952
59,0,0,0,2,5,10452,15,12,9,9,4,2,1,80,0,5,38,9,1,4,1,17,1,0.2033898305084746,0,0.7493755203996669,2086.22754491018
35,1,1,4,1,2,10257,87,12,6,5,3,2,3,18,1,5,45,15,2,3,2,19,2,0.34285714285714286,2,0.4995836802664446,5102.985074626867
52,0,0,1,3,2,12713,58,20,13,3,1,5,4,19,0,6,41,6,1,1,4,47,3,0.38461538461538464,0,0.6496751624187905,6324.875621890548
52,1,2,3,0,5,13762,54,1,7,8,4,5,1,78,0,5,58,16,1,4,1,26,1,0.019230769230769232,0,6.930693069306931,2746.9061876247506
20,1,2,4,2,1,8730,94,2,10,1,3,5,4,77,0,6,50,9,3,1,4,21,4,0.1,0,4.975124378109453,8643.564356435643
49,1,0,4,2,4,16854,16,18,9,9,4,3,3,46,1,1,43,8,2,3,4,28,3,0.3673469387755102,3,0.49972237645752354,4202.992518703242
25,1,1,0,3,5,18989,21,10,12,3,1,4,3,23,1,9,53,12,1,3,2,27,2,0.4,4,1.1988011988011988,3790.2195608782436
20,1,0,4,0,3,9358,88,16,7,7,3,1,2,91,1,2,49,12,2,4,4,37,3,0.8,1,0.43722673329169265,3108.9700996677743
49,1,0,3,3,5,7657,67,8,14,4,1,5,3,66,0,8,55,18,3,4,2,23,2,0.16326530612244897,0,1.7478152309612984,1528.3433133732535
31,0,2,0,0,5,12269,19,16,6,4,3,4,1,7,1,7,42,9,1,4,1,16,2,0.5161290322580645,4,0.3747657713928794,2448.9021956087827
38,1,0,1,0,1,18995,55,29,1,1,4,5,1,43,0,2,55,13,1,1,3,40,2,0.7631578947368421,0,0.03447087211306446,18806.930693069306
26,0,1,2,1,4,10493,45,5,7,3,2,2,2,93,0,1,39,14,1,2,1,31,4,0.19230769230769232,0,1.3972055888223553,2616.708229426434
40,0,0,3,2,1,17259,55,27,5,2,2,1,4,23,0,7,32,4,4,4,3,30,3,0.675,0,0.18511662347278784,17088.118811881188
43,1,1,2,2,4,8594,61,3,5,6,4,5,2,99,0,2,45,17,3,4,1,46,4,0.06976744186046512,0,1.6611295681063125,2143.1421446384043
36,1,1,4,1,3,15070,29,16,12,2,2,5,4,95,0,3,52,2,1,2,1,22,2,0.4444444444444444,0,0.7495315427857588,5006.644518272426
59,1,1,0,3,2,14049,47,1,2,1,3,2,2,19,0,7,35,15,4,4,3,24,3,0.01694915254237288,0,1.9801980198019802,6989.552238805971
31,0,2,1,0,4,10489,62,14,2,7,1,5,4,96,0,7,46,19,1,4,1,46,4,0.45161290322580644,0,0.14275517487508924,2615.71072319202
56,0,1,2,1,4,3371,16,4,3,0,2,3,2,79,1,4,45,10,4,3,4,12,3,0.07142857142857142,3,0.7481296758104738,840.6483790523691
51,0,0,2,1,4,3298,33,20,1,4,4,4,4,79,1,1,59,0,3,2,2,6,1,0.39215686274509803,4,0.04997501249375312,822.4438902743143
44,0,1,1,1,3,8599,63,2,14,8,3,5,3,80,0,1,34,5,4,1,2,11,4,0.045454545454545456,0,6.965174129353235,2856.810631229236
46,0,0,3,3,3,12216,25,17,6,3,2,1,2,37,1,1,30,2,2,4,3,33,1,0.3695652173913043,1,0.3527336860670194,4058.4717607973425
44,0,2,1,0,2,17141,91,6,9,1,2,5,2,96,1,4,50,5,1,3,3,46,3,0.13636363636363635,5,1.497504159733777,8527.860696517413
20,0,1,0,1,5,19980,25,23,10,3,4,3,1,47,0,3,36,11,2,1,3,16,3,1.15,0,0.43459365493263796,3988.0239520958085
43,1,2,1,2,1,7633,27,15,2,1,4,5,3,38,1,6,57,8,1,4,3,48,2,0.3488372093023256,5,0.13324450366422386,7557.425742574257
20,0,2,4,1,3,3156,25,5,14,5,2,5,4,26,1,1,58,12,2,3,2,13,2,0.25,5,2.7944111776447107,1048.5049833887044
59,0,2,3,3,2,10798,52,18,4,8,4,1,1,91,1,9,52,5,4,4,2,22,3,0.3050847457627119,1,0.22209883398112157,5372.139303482588
42,0,2,1,1,4,10669,63,7,3,2,3,5,2,75,0,6,47,0,2,1,1,28,2,0.16666666666666666,0,0.42796005706134094,2660.5985037406485
42,1,2,0,1,2,10036,82,12,5,3,3,5,2,65,0,8,49,4,4,4,1,14,3,0.2857142857142857,0,0.41631973355537055,4993.034825870647
54,0,1,0,1,1,18323,30,7,9,1,2,5,1,13,1,4,56,6,1,2,4,12,4,0.12962962962962962,5,1.2838801711840229,18141.58415841584
55,0,0,1,2,4,4073,80,5,1,9,3,1,4,95,0,4,57,11,2,1,1,45,1,0.09090909090909091,0,0.1996007984031936,1015.71072319202
33,1,1,2,1,2,3153,53,27,5,5,3,1,1,53,1,8,53,13,3,4,4,47,1,0.8181818181818182,1,0.18511662347278784,1568.6567164179105
51,0,1,1,0,3,13232,97,9,13,0,3,4,2,12,1,2,57,2,2,3,1,14,3,0.17647058823529413,4,1.4428412874583796,4396.013289036545
24,0,1,0,0,1,15444,52,14,8,4,2,4,1,44,1,5,49,10,1,1,1,20,3,0.5833333333333334,4,0.5710206995003569,15291.089108910892
24,1,0,1,3,5,7530,95,19,11,6,3,3,1,54,0,7,44,14,4,2,2,20,4,0.7916666666666666,0,0.578642819568648,1502.994011976048
24,1,1,1,3,3,8602,68,27,9,7,2,3,2,75,0,8,36,6,2,1,1,26,4,1.125,0,0.33320992225101814,2857.8073089700997
30,1,2,3,3,4,14468,83,2,14,8,3,4,4,1,0,9,43,7,1,4,4,25,4,0.06666666666666667,0,6.965174129353235,3607.980049875312
43,0,0,1,3,5,17166,62,2,8,9,4,2,2,41,0,2,37,16,4,2,3,40,3,0.046511627906976744,0,3.9800995024875627,3426.3473053892217
26,1,0,3,3,5,18966,63,18,4,2,1,3,4,25,0,3,45,17,2,4,2,7,4,0.6923076923076923,0,0.22209883398112157,3785.6287425149703
44,0,1,3,2,2,8060,24,20,6,3,2,3,3,33,0,7,32,6,4,1,4,22,2,0.45454545454545453,0,0.2998500749625187,4009.9502487562195
59,0,0,2,3,4,3609,21,3,11,0,3,1,2,47,0,2,36,18,3,3,4,44,2,0.05084745762711865,0,3.6544850498338874,900.0
36,1,1,4,1,1,9768,85,4,3,4,4,4,3,27,0,6,33,0,1,1,1,28,3,0.1111111111111111,0,0.7481296758104738,9671.287128712871
42,1,2,1,0,2,4813,93,2,11,5,3,1,1,51,0,4,52,12,4,4,4,29,1,0.047619047619047616,0,5.472636815920398,2394.52736318408
47,1,1,2,0,1,8968,66,2,13,5,1,4,2,20,1,1,47,8,4,3,3,47,4,0.0425531914893617,4,6.467661691542289,8879.20792079208
21,1,2,0,1,3,13348,15,12,12,4,1,2,2,92,1,6,32,17,3,3,4,38,1,0.5714285714285714,2,0.9991673605328892,4434.551495016612
21,0,1,4,1,5,5547,64,10,6,8,1,4,2,80,0,7,53,5,3,3,3,31,2,0.47619047619047616,0,0.5994005994005994,1107.185628742515
52,1,2,2,2,5,5038,63,3,5,5,4,4,2,15,0,2,49,4,4,4,1,33,2,0.057692307692307696,0,1.6611295681063125,1005.5888223552895
51,1,1,1,3,3,13622,26,16,9,4,1,4,3,7,0,5,45,1,4,4,1,34,1,0.3137254901960784,0,0.5621486570893192,4525.581395348838
40,0,2,3,1,1,14410,70,22,8,3,4,5,1,49,1,8,31,0,3,3,3,4,2,0.55,5,0.3634711494775102,14267.326732673268
48,0,2,1,2,4,11055,82,11,2,0,4,5,2,46,1,3,35,5,2,3,3,13,3,0.22916666666666666,5,0.18165304268846502,2756.857855361596
56,1,1,4,0,3,10269,67,17,6,2,2,2,3,64,1,4,33,15,4,2,4,27,4,0.30357142857142855,2,0.3527336860670194,3411.6279069767443
26,0,2,4,1,4,10370,29,26,1,5,4,3,3,34,0,4,43,19,3,2,3,41,1,1.0,0,0.03844675124951941,2586.034912718205
45,0,0,2,0,2,5601,83,6,12,6,2,3,1,34,0,8,56,1,4,1,3,15,4,0.13333333333333333,0,1.9966722129783694,2786.5671641791046
25,1,1,1,0,3,7582,69,20,3,4,3,5,4,81,0,8,33,2,2,2,4,10,2,0.8,0,0.14992503748125935,2518.936877076412
29,1,2,4,1,3,3228,67,23,3,0,4,5,2,22,1,4,54,12,3,2,4,37,1,0.7931034482758621,5,0.1303780964797914,1072.4252491694353
36,1,2,2,3,5,16264,83,4,5,7,4,3,1,51,0,4,59,19,4,4,3,41,2,0.1111111111111111,0,1.2468827930174564,3246.307385229541
28,0,1,1,2,4,19855,92,13,13,0,2,2,2,54,0,4,52,17,4,1,4,41,4,0.4642857142857143,0,0.9992313604919293,4951.371571072319
48,1,1,2,1,3,14362,26,20,6,8,1,3,3,54,1,5,47,9,4,3,3,38,1,0.4166666666666667,3,0.2998500749625187,4771.428571428572
46,1,1,0,2,1,17436,76,25,5,8,1,4,2,99,0,6,34,5,3,2,3,4,1,0.5434782608695652,0,0.1999200319872051,17263.366336633662
47,1,0,3,1,3,17559,50,14,8,8,1,4,2,27,0,7,55,18,1,2,3,2,2,0.2978723404255319,0,0.5710206995003569,5833.554817275748
45,0,0,4,0,2,10853,17,2,12,1,4,4,3,77,1,4,30,14,1,1,2,12,3,0.044444444444444446,4,5.970149253731344,5399.502487562189
49,0,1,1,3,3,10837,88,22,7,7,1,2,3,65,0,5,32,9,2,2,3,37,2,0.4489795918367347,0,0.31803725579282144,3600.3322259136216
57,1,1,3,0,3,18474,21,20,6,7,4,4,4,31,1,5,37,12,3,1,2,22,3,0.3508771929824561,4,0.2998500749625187,6137.541528239203
21,0,1,2,3,1,12088,75,18,9,8,4,4,2,49,1,1,33,10,2,4,3,12,2,0.8571428571428571,4,0.49972237645752354,11968.316831683169
38,1,2,3,3,5,19890,99,22,8,7,1,3,4,20,1,5,36,16,1,4,2,19,3,0.5789473684210527,3,0.3634711494775102,3970.059880239521
20,1,0,1,0,4,7823,69,23,11,2,3,5,2,12,0,4,59,17,2,2,2,5,2,1.15,0,0.47805302042590175,1950.8728179551124
27,1,0,1,2,5,6158,70,26,11,1,4,4,1,62,1,9,53,19,2,3,4,4,1,0.9629629629629629,4,0.4229142637447135,1229.1417165668663
43,1,1,0,0,4,19156,99,23,12,0,3,2,1,66,0,2,32,8,1,2,2,25,3,0.5348837209302325,0,0.5215123859191656,4777.0573566084795
54,1,1,4,2,2,12830,39,14,13,8,2,5,4,12,0,9,45,19,4,1,3,42,1,0.25925925925925924,0,0.92790863668808,6383.084577114429
23,1,1,2,2,3,18627,16,17,9,1,1,4,3,1,1,3,48,7,3,1,4,41,4,0.7391304347826086,4,0.5291005291005291,6188.372093023257
41,0,0,1,2,4,14549,36,18,14,8,1,1,1,44,0,4,40,11,2,2,3,5,1,0.43902439024390244,0,0.7773459189339256,3628.179551122195
56,1,1,2,3,4,17873,64,8,8,2,1,3,2,14,1,9,47,2,4,3,4,11,3,0.14285714285714285,3,0.9987515605493134,4457.107231920199
47,1,2,3,3,1,12164,84,17,9,0,3,3,4,36,0,7,44,12,1,1,3,15,2,0.3617021276595745,0,0.5291005291005291,12043.564356435643
52,0,0,0,2,5,12549,36,10,14,8,1,5,3,61,1,7,44,14,1,3,3,13,1,0.19230769230769232,5,1.3986013986013985,2504.7904191616767
51,0,2,4,0,4,17287,74,12,4,8,1,1,4,73,0,9,50,8,3,2,4,8,3,0.23529411764705882,0,0.33305578684429643,4310.972568578554
45,0,2,3,2,5,11313,74,5,13,0,2,5,3,63,0,5,37,12,4,1,1,32,3,0.1111111111111111,0,2.594810379241517,2258.0838323353296
38,1,0,0,2,3,8074,56,10,10,5,2,4,2,70,0,3,47,6,4,2,1,49,2,0.2631578947368421,0,0.999000999000999,2682.3920265780735
41,1,1,4,1,4,9748,18,5,6,0,4,2,1,46,0,3,49,15,2,1,3,1,4,0.12195121951219512,0,1.1976047904191618,2430.922693266833
29,0,2,4,0,4,11747,35,3,8,6,1,1,3,93,0,6,30,0,4,4,4,33,3,0.10344827586206896,0,2.6578073089700998,2929.4264339152123
31,0,2,3,3,5,4191,63,18,3,0,2,1,3,13,1,2,53,5,1,3,2,1,1,0.5806451612903226,1,0.1665741254858412,836.5269461077845
42,0,0,3,3,3,19035,24,4,9,0,3,2,3,30,0,5,46,12,4,2,4,13,1,0.09523809523809523,0,2.2443890274314215,6323.920265780731
28,1,0,1,0,5,7103,78,7,5,0,2,3,2,61,1,4,46,1,3,2,3,12,2,0.25,3,0.7132667617689016,1417.7644710578843
47,0,1,2,1,5,7524,57,13,2,9,4,4,1,19,0,9,41,6,4,2,4,33,3,0.2765957446808511,0,0.15372790161414296,1501.7964071856288
27,0,0,3,3,1,6809,26,10,8,2,3,5,4,49,0,9,48,18,2,3,1,35,3,0.37037037037037035,0,0.7992007992007992,6741.584158415842
30,0,2,2,3,3,15177,75,23,14,5,2,3,2,66,1,8,37,8,2,3,3,32,2,0.7666666666666667,3,0.6084311169056932,5042.192691029901
40,1,1,4,1,2,12916,59,28,13,0,4,2,2,55,0,7,43,15,3,1,1,28,4,0.7,0,0.4641199571581578,6425.87064676617
34,1,0,3,2,3,8499,74,16,10,4,3,1,2,31,0,2,32,6,1,2,1,49,1,0.47058823529411764,0,0.6246096189881324,2823.5880398671097
25,0,0,1,3,3,13313,41,11,1,0,1,2,3,38,0,5,36,4,2,4,4,20,4,0.44,0,0.09082652134423251,4422.923588039867
26,1,0,1,1,2,7239,93,27,10,8,1,4,4,70,0,1,55,3,1,2,1,10,1,1.0384615384615385,0,0.3702332469455757,3601.4925373134333
43,0,0,2,1,2,11718,26,7,1,1,2,4,1,80,1,4,42,2,1,3,4,1,3,0.16279069767441862,4,0.14265335235378032,5829.8507462686575
33,0,0,2,1,2,16276,16,14,1,9,3,5,2,38,1,1,49,18,3,1,3,4,1,0.42424242424242425,5,0.07137758743754462,8097.512437810946
55,0,2,0,3,5,3941,48,8,12,2,1,5,3,87,1,8,37,19,1,3,3,17,4,0.14545454545454545,5,1.4981273408239701,786.626746506986
22,1,0,4,0,2,4577,29,12,13,2,2,3,2,36,1,7,35,4,3,3,4,40,1,0.5454545454545454,3,1.0824313072439633,2277.1144278606967
28,0,1,1,0,4,5148,95,16,12,5,2,2,2,3,0,3,35,19,1,3,2,8,2,0.5714285714285714,0,0.7495315427857588,1283.7905236907732
56,1,0,3,0,2,11488,95,5,6,7,4,3,4,91,0,6,52,17,2,3,1,2,2,0.08928571428571429,0,1.1976047904191618,5715.42288557214
45,1,1,2,0,5,14695,20,10,1,5,2,2,4,17,0,3,50,7,1,2,2,8,3,0.2222222222222222,0,0.0999000999000999,2933.1337325349305
38,0,2,2,3,1,18855,52,23,2,3,2,1,4,28,0,1,52,1,3,2,3,11,1,0.6052631578947368,0,0.0869187309865276,18668.31683168317
47,1,2,2,3,4,11007,71,19,6,0,3,1,1,53,1,7,36,16,3,2,4,39,3,0.40425531914893614,1,0.31562335612835346,2744.8877805486286
43,1,1,4,3,5,16029,54,18,12,0,2,5,4,47,1,8,43,13,4,3,1,4,1,0.4186046511627907,5,0.6662965019433648,3199.4011976047905
38,0,2,4,2,2,7340,77,16,4,6,3,4,3,38,1,4,45,16,1,2,4,48,3,0.42105263157894735,4,0.24984384759525294,3651.7412935323387
51,0,1,3,2,1,3463,68,25,4,1,4,3,1,30,1,9,42,2,2,4,4,2,2,0.49019607843137253,3,0.15993602558976408,3428.7128712871286
28,0,1,4,0,1,8753,23,18,14,4,3,3,4,77,1,2,39,17,4,4,3,7,2,0.6428571428571429,3,0.7773459189339256,8666.336633663366
27,0,1,2,0,4,7654,57,16,2,4,3,3,2,96,0,7,32,5,3,4,2,38,1,0.5925925925925926,0,0.12492192379762647,1908.7281795511224
47,1,0,4,3,5,19374,89,11,3,2,4,4,2,16,0,6,56,18,2,1,2,24,4,0.23404255319148937,0,0.2724795640326976,3867.065868263473
31,1,2,1,1,5,8033,58,15,9,0,3,5,4,95,1,8,36,14,1,3,2,34,2,0.4838709677419355,5,0.5996002664890073,1603.3932135728544
20,0,2,4,2,2,3692,97,14,14,3,4,2,1,52,1,2,56,0,4,3,4,7,1,0.7,2,0.9992862241256246,1836.8159203980101
40,0,0,2,0,2,7631,15,29,9,1,2,4,3,18,1,8,41,5,2,2,2,20,2,0.725,4,0.3102378490175801,3796.5174129353236
53,1,0,4,3,2,19344,98,24,10,0,1,4,2,22,1,5,34,3,1,4,3,22,4,0.4528301886792453,4,0.4164931278633902,9623.880597014926
28,1,0,3,0,4,10437,66,13,13,4,4,1,4,57,0,6,55,18,1,1,1,17,2,0.4642857142857143,0,0.9992313604919293,2602.7431421446386
39,1,1,2,0,1,8178,23,7,6,7,1,2,2,65,1,8,43,19,4,3,1,46,2,0.1794871794871795,2,0.8559201141226819,8097.029702970297
28,1,2,2,1,1,17342,30,28,1,3,2,1,1,40,1,6,30,18,4,3,4,5,2,1.0,1,0.035701535166012134,17170.29702970297
27,0,1,0,0,5,19288,53,3,2,7,3,4,2,76,1,2,34,16,4,3,1,35,3,0.1111111111111111,4,0.6644518272425249,3849.9001996007987
24,1,2,4,1,2,16668,55,29,5,6,1,1,2,76,0,3,32,19,4,4,2,23,1,1.2083333333333333,0,0.1723543605653223,8292.537313432837
59,0,1,4,1,3,15665,59,21,7,2,4,5,1,45,1,7,37,16,3,2,1,10,2,0.3559322033898305,5,0.3331746787244169,5204.318936877076
24,0,0,0,1,2,18706,80,5,11,9,2,2,3,47,1,7,53,16,2,2,3,11,4,0.20833333333333334,2,2.19560878243513,9306.467661691544
53,1,1,2,3,4,10995,65,17,2,1,1,5,3,53,1,3,49,11,3,3,3,4,2,0.32075471698113206,5,0.11757789535567312,2741.895261845387
47,0,2,0,3,1,13472,27,17,10,9,4,3,4,2,1,8,46,5,4,2,2,39,4,0.3617021276595745,3,0.5878894767783656,13338.613861386139
33,1,2,3,3,3,19309,38,19,13,7,4,4,4,89,0,1,55,10,4,4,3,43,4,0.5757575757575758,0,0.6838506049447659,6414.950166112957
58,1,1,4,1,4,15940,44,7,7,5,3,1,3,27,0,4,45,19,1,2,1,37,4,0.1206896551724138,0,0.9985734664764623,3975.062344139651
43,0,1,2,3,3,14810,87,10,4,5,2,5,4,96,0,3,34,14,2,2,1,14,2,0.23255813953488372,0,0.3996003996003996,4920.265780730897
35,1,2,3,1,1,14380,90,10,7,7,4,5,1,32,0,5,41,2,2,2,3,42,2,0.2857142857142857,0,0.6993006993006993,14237.623762376237
26,0,1,0,3,1,12743,86,25,8,9,3,4,1,38,1,8,39,7,1,3,4,18,4,0.9615384615384616,4,0.31987205117952816,12616.831683168317
46,1,1,1,2,4,5917,59,16,7,3,1,3,1,71,1,6,54,17,4,1,4,40,1,0.34782608695652173,3,0.43722673329169265,1475.561097256858
59,0,1,1,2,2,3731,82,6,8,9,1,1,2,62,0,8,51,14,2,2,2,46,1,0.1016949152542373,0,1.3311148086522464,1856.218905472637
25,1,1,2,1,5,8596,45,15,11,0,3,1,4,21,1,7,31,7,2,1,3,16,3,0.6,1,0.7328447701532312,1715.7684630738524
31,0,0,0,0,5,7758,81,20,11,9,3,5,2,8,0,3,42,14,1,1,4,14,1,0.6451612903225806,0,0.5497251374312843,1548.5029940119762
48,0,1,2,0,1,12663,38,28,7,4,3,1,1,59,0,9,52,0,4,3,3,21,2,0.5833333333333334,0,0.24991074616208495,12537.623762376237
58,1,0,1,2,3,17877,41,16,10,7,2,4,3,6,1,6,46,13,4,1,2,10,2,0.27586206896551724,4,0.6246096189881324,5939.202657807309
27,0,0,4,2,3,17037,26,10,1,5,1,4,1,72,1,5,43,10,3,1,2,41,4,0.37037037037037035,4,0.0999000999000999,5660.1328903654485
27,1,2,2,2,1,13846,67,27,1,3,2,3,4,65,0,1,54,10,3,2,2,1,1,1.0,0,0.03702332469455757,13708.910891089108
49,1,1,1,3,4,9040,35,29,10,7,1,4,1,16,1,9,51,17,4,3,4,45,1,0.5918367346938775,4,0.3447087211306446,2254.3640897755613
28,1,2,1,0,2,7943,94,28,7,7,2,5,1,1,1,1,50,7,2,2,2,30,2,1.0,5,0.24991074616208495,3951.7412935323387
50,0,1,2,2,4,18126,99,14,9,5,4,5,1,17,0,7,55,5,4,3,4,33,1,0.28,0,0.6423982869379015,4520.199501246883
54,0,0,2,3,5,10954,58,26,7,5,2,5,3,1,1,5,42,12,1,2,3,18,1,0.48148148148148145,5,0.2691272587466359,2186.427145708583
58,0,0,1,0,3,16778,89,23,10,3,2,5,4,44,1,5,55,13,4,2,1,7,2,0.39655172413793105,5,0.43459365493263796,5574.086378737542
37,1,0,2,0,5,8269,85,10,4,4,4,3,4,10,0,6,47,16,2,2,3,7,4,0.2702702702702703,0,0.3996003996003996,1650.499001996008
43,1,0,1,2,3,19562,19,1,6,9,1,3,2,56,1,4,32,2,2,1,3,16,2,0.023255813953488372,3,5.9405940594059405,6499.003322259136
44,1,1,0,2,4,15479,95,29,9,8,2,5,1,87,0,4,59,8,4,2,1,27,1,0.6590909090909091,0,0.3102378490175801,3860.0997506234417
22,1,1,3,0,4,12211,19,7,12,8,3,4,3,1,0,9,45,7,2,3,1,30,4,0.3181818181818182,0,1.7118402282453637,3045.1371571072323
55,0,2,2,0,1,6676,63,23,8,0,2,4,3,3,0,6,35,8,4,3,3,8,2,0.41818181818181815,0,0.3476749239461104,6609.9009900990095
36,0,0,1,2,1,9487,65,13,14,9,1,1,3,31,0,1,57,1,3,4,2,7,1,0.3611111111111111,0,1.0760953112990008,9393.069306930693
56,1,1,4,2,4,3067,64,15,1,0,3,5,3,33,0,6,38,16,1,1,1,27,1,0.26785714285714285,0,0.06662225183211193,764.8379052369078
49,1,0,0,2,3,6140,98,7,10,2,2,2,4,90,1,1,37,16,2,2,1,21,2,0.14285714285714285,2,1.4265335235378032,2039.8671096345518
37,1,2,0,3,1,19526,57,17,1,9,1,5,2,29,1,6,53,14,4,1,1,35,4,0.4594594594594595,5,0.05878894767783656,19332.673267326732
26,1,0,1,3,2,16680,32,15,1,8,3,4,4,21,1,7,33,6,4,3,1,47,4,0.5769230769230769,4,0.06662225183211193,8298.507462686568
30,1,1,3,0,3,16210,31,18,11,9,3,1,2,76,0,7,53,5,3,3,4,39,2,0.6,0,0.6107717934480843,5385.382059800665
40,1,2,0,3,4,12846,54,29,3,6,3,2,2,80,1,6,56,4,3,2,1,22,1,0.725,2,0.10341261633919338,3203.491271820449
24,0,2,0,2,2,16865,94,15,9,1,1,4,1,53,0,6,55,12,1,1,3,47,2,0.625,0,0.5996002664890073,8390.547263681592
27,1,0,4,1,1,18154,51,8,8,6,1,4,2,78,0,1,41,4,3,4,2,17,3,0.2962962962962963,0,0.9987515605493134,17974.257425742573
54,0,1,2,0,3,17389,40,12,7,5,1,3,4,78,0,1,46,6,4,2,4,21,2,0.2222222222222222,0,0.5828476269775188,5777.076411960134
20,0,2,2,0,5,5721,32,18,14,4,2,4,1,38,1,7,41,9,2,4,3,13,2,0.9,4,0.7773459189339256,1141.9161676646706
57,1,0,1,2,4,14569,99,18,9,1,2,4,2,13,1,5,48,13,4,4,1,2,3,0.3157894736842105,4,0.49972237645752354,3633.1670822942647
37,1,2,0,1,4,3798,92,18,6,2,1,2,3,63,1,3,42,10,2,4,3,30,3,0.4864864864864865,2,0.3331482509716824,947.1321695760599
30,1,2,2,1,5,13136,17,15,8,3,2,5,1,86,0,5,30,4,3,4,3,46,4,0.5,0,0.5329780146568954,2621.9560878243515
37,0,2,2,3,5,12269,30,8,9,2,3,2,3,35,1,8,31,14,2,3,1,24,3,0.21621621621621623,2,1.1235955056179776,2448.9021956087827
34,1,0,4,2,2,10382,87,5,12,3,4,3,1,3,1,1,41,2,2,1,2,30,2,0.14705882352941177,3,2.3952095808383236,5165.174129353234
26,1,1,3,0,2,9031,97,5,4,6,3,5,4,71,0,2,32,17,4,3,2,28,1,0.19230769230769232,0,0.7984031936127745,4493.034825870647
38,1,0,4,3,5,12943,47,27,13,6,3,1,3,72,1,4,37,14,2,4,3,13,4,0.7105263157894737,1,0.4813032210292484,2583.433133732535
35,0,1,1,1,4,16929,78,8,8,7,4,1,2,60,1,1,54,16,2,3,4,44,3,0.22857142857142856,1,0.9987515605493134,4221.6957605985035
27,1,0,3,2,5,17022,99,5,11,6,1,3,4,32,0,1,55,13,3,3,1,42,1,0.18518518518518517,0,2.19560878243513,3397.604790419162
31,1,2,0,0,4,8573,26,10,14,0,2,4,1,12,0,9,49,0,1,1,4,39,3,0.3225806451612903,0,1.3986013986013985,2137.905236907731
49,1,2,0,3,3,15661,77,11,11,2,3,5,1,79,0,3,48,6,2,4,1,13,1,0.22448979591836735,0,0.9990917347865577,5202.990033222592
55,0,1,1,1,4,11236,15,13,10,8,3,3,4,93,1,6,41,14,2,2,2,8,3,0.23636363636363636,3,0.7686395080707148,2801.995012468828
27,0,2,2,3,2,7603,28,10,8,9,3,3,4,8,0,1,59,3,3,3,1,43,1,0.37037037037037035,0,0.7992007992007992,3782.5870646766175
57,0,0,1,1,2,10067,43,24,8,0,3,5,2,65,1,9,35,2,1,2,2,15,4,0.42105263157894735,5,0.3331945022907122,5008.457711442787
31,1,2,2,3,2,7938,91,7,7,0,1,2,3,86,0,5,56,16,3,1,3,18,4,0.22580645161290322,0,0.9985734664764623,3949.253731343284
25,0,0,0,0,5,15435,99,8,13,2,4,5,3,56,1,2,33,8,1,3,2,13,4,0.32,5,1.6229712858926342,3080.8383233532936
20,1,2,1,1,4,5962,71,28,11,2,4,1,2,79,0,8,46,7,2,4,3,34,4,1.4,0,0.3927168868261335,1486.783042394015
25,0,2,4,3,2,15615,44,8,2,6,2,3,4,65,0,9,43,12,2,3,4,43,2,0.32,0,0.24968789013732834,7768.656716417911
28,0,1,4,3,1,8581,98,8,7,8,3,4,2,57,0,9,41,17,1,1,1,7,2,0.2857142857142857,0,0.8739076154806492,8496.039603960397
59,1,2,1,2,3,16853,49,20,3,8,2,1,1,72,1,1,31,1,2,1,3,9,1,0.3389830508474576,1,0.14992503748125935,5599.003322259136
25,0,2,1,2,2,12599,39,17,13,4,3,2,2,67,1,5,56,14,1,1,4,10,3,0.68,2,0.7642563198118753,6268.1592039801
33,1,2,4,3,5,3143,49,19,10,8,1,4,1,16,0,6,43,18,2,4,3,38,2,0.5757575757575758,0,0.5260389268805892,627.3453093812376
31,0,0,1,2,2,17997,35,5,14,3,1,5,3,98,0,9,47,16,2,3,2,31,4,0.16129032258064516,0,2.7944111776447107,8953.731343283584
52,1,1,1,3,3,12145,65,12,8,5,2,2,1,13,1,1,50,9,3,1,1,32,4,0.23076923076923078,2,0.6661115736885929,4034.883720930233
59,0,0,4,2,5,17547,49,24,11,8,4,2,3,58,1,3,38,2,3,3,1,8,2,0.4067796610169492,2,0.45814244064972925,3502.3952095808386
32,1,1,1,2,1,8622,44,20,1,5,4,5,4,16,0,9,54,11,4,1,1,1,4,0.625,0,0.04997501249375312,8536.633663366336
48,0,0,0,3,2,9273,45,8,9,1,4,4,3,20,0,6,31,10,2,2,3,11,2,0.16666666666666666,0,1.1235955056179776,4613.432835820896
29,0,1,4,3,5,12562,21,12,13,7,4,2,4,19,0,7,34,17,2,1,4,10,1,0.41379310344827586,0,1.0824313072439633,2507.3852295409183
28,0,1,1,3,1,14538,50,14,6,4,1,3,4,43,0,9,36,3,3,3,4,14,2,0.5,0,0.4282655246252677,14394.059405940594
30,1,2,0,3,5,14987,73,1,7,6,2,2,2,13,1,6,43,6,2,2,2,29,1,0.03333333333333333,2,6.930693069306931,2991.4171656686626
35,0,0,0,2,2,9411,52,7,6,9,3,3,4,28,0,7,46,19,3,3,3,45,2,0.2,0,0.8559201141226819,4682.089552238806
51,0,0,1,1,3,18576,42,17,14,0,3,5,1,25,1,3,39,16,3,2,4,7,1,0.3333333333333333,5,0.8230452674897119,6171.428571428572
52,1,0,1,0,3,9559,69,9,4,8,3,3,2,12,1,1,32,13,1,3,1,13,3,0.17307692307692307,3,0.4439511653718091,3175.747508305648
39,0,0,2,2,4,13635,90,12,7,9,4,5,2,34,0,8,44,7,3,2,1,46,3,0.3076923076923077,0,0.5828476269775188,3400.2493765586037
48,0,2,1,1,4,14781,63,14,4,7,2,3,3,13,1,4,53,7,4,1,3,14,3,0.2916666666666667,3,0.28551034975017847,3686.034912718205
57,1,1,2,2,4,18187,64,4,3,3,3,2,3,91,1,5,39,4,4,1,4,18,2,0.07017543859649122,2,0.7481296758104738,4535.411471321696
38,1,1,4,2,4,11947,68,14,8,6,4,1,1,68,0,5,44,0,2,2,2,3,2,0.3684210526315789,0,0.5710206995003569,2979.3017456359103
21,1,0,0,3,2,11737,65,16,9,2,2,1,2,7,1,7,57,19,2,1,3,13,2,0.7619047619047619,1,0.5621486570893192,5839.303482587065
24,1,0,3,3,4,13937,71,2,13,6,2,1,3,80,1,4,59,18,1,3,1,18,4,0.08333333333333333,1,6.467661691542289,3475.561097256858
45,0,0,1,1,3,7942,58,29,10,8,4,5,2,91,1,5,58,18,1,3,3,48,1,0.6444444444444445,5,0.3447087211306446,2638.538205980067
33,1,1,0,3,2,7272,85,23,11,7,2,1,1,39,0,5,41,11,2,3,3,25,3,0.696969696969697,0,0.47805302042590175,3617.9104477611945
30,1,1,2,1,3,7576,31,9,3,4,1,1,4,98,1,2,48,4,3,2,4,7,2,0.3,1,0.33296337402885684,2516.9435215946846
52,0,0,1,2,5,9754,89,24,14,8,1,2,4,7,1,8,49,14,4,2,1,6,2,0.46153846153846156,2,0.5830903790087463,1946.9061876247506
23,0,2,3,3,2,6114,19,28,1,6,3,4,4,64,0,7,40,3,2,2,3,36,3,1.2173913043478262,0,0.035701535166012134,3041.7910447761196
56,0,1,4,1,5,18310,50,23,1,8,1,3,1,23,1,4,33,1,4,2,1,17,3,0.4107142857142857,3,0.0434593654932638,3654.6906187624754
37,0,0,1,2,5,19788,93,2,14,1,4,2,4,41,1,2,56,3,2,3,1,6,4,0.05405405405405406,2,6.965174129353235,3949.7005988023952
20,1,2,3,2,4,19184,56,25,10,1,2,4,2,71,0,1,39,15,1,3,2,16,4,1.25,0,0.3998400639744102,4784.039900249377
38,0,1,4,3,5,6124,94,5,7,6,4,5,3,89,1,3,36,15,2,1,2,18,2,0.13157894736842105,5,1.3972055888223553,1222.3552894211577
43,1,1,0,2,4,11226,81,26,1,2,2,4,4,34,1,6,47,7,2,3,2,32,1,0.6046511627906976,4,0.03844675124951941,2799.501246882793
20,1,0,0,2,5,8480,88,10,11,3,4,4,3,15,0,5,33,17,4,3,4,5,1,0.5,0,1.098901098901099,1692.614770459082
39,0,0,4,3,4,3262,97,5,3,8,4,2,3,17,1,9,52,7,3,2,2,33,1,0.1282051282051282,2,0.5988023952095809,813.4663341645886
54,1,1,1,3,1,5395,44,11,7,1,4,5,4,89,0,4,57,7,1,4,2,36,2,0.2037037037037037,0,0.6357856494096277,5341.584158415842
36,1,2,1,1,5,9638,53,10,10,7,2,2,2,77,0,8,53,5,2,2,1,21,2,0.2777777777777778,0,0.999000999000999,1923.75249500998
59,1,1,3,0,3,13681,44,27,14,8,1,2,1,48,1,1,32,12,4,1,1,35,3,0.4576271186440678,2,0.518326545723806,4545.182724252492
26,0,1,1,0,1,10148,68,22,13,9,4,5,3,47,1,1,43,13,4,1,4,13,4,0.8461538461538461,5,0.5906406179009541,10047.524752475247
50,0,1,4,3,1,11997,62,21,1,4,2,5,1,25,1,4,57,6,1,3,4,11,2,0.42,5,0.047596382674916705,11878.217821782178
52,0,0,1,0,3,11531,45,10,7,4,3,1,4,25,0,7,46,17,1,4,2,40,3,0.19230769230769232,0,0.6993006993006993,3830.8970099667777
37,1,0,0,2,5,17785,40,29,5,1,4,4,2,17,0,4,56,9,1,4,4,37,2,0.7837837837837838,0,0.1723543605653223,3549.9001996007987
56,1,1,4,3,3,16945,37,9,9,2,4,1,1,4,1,9,59,19,1,2,2,25,1,0.16071428571428573,1,0.9988901220865705,5629.568106312293
23,1,2,1,1,5,15379,90,9,8,7,4,3,1,5,0,4,41,19,3,2,4,9,1,0.391304347826087,0,0.8879023307436182,3069.6606786427146
56,0,1,4,2,1,19410,23,8,3,0,3,5,1,59,1,4,49,2,1,2,2,47,4,0.14285714285714285,5,0.37453183520599254,19217.821782178216
56,1,1,2,2,2,10531,47,26,13,4,1,1,4,39,0,9,44,0,4,4,2,18,3,0.4642857142857143,0,0.4998077662437524,5239.303482587065
53,1,0,0,2,4,7174,24,4,6,3,1,4,3,29,0,8,33,3,1,3,4,37,3,0.07547169811320754,0,1.4962593516209477,1789.0274314214464
24,1,1,1,1,3,4986,37,11,11,2,4,5,3,30,1,2,33,6,1,1,2,27,2,0.4583333333333333,5,0.9990917347865577,1656.4784053156147
57,0,2,3,2,2,10297,34,17,9,2,4,5,4,57,0,3,36,4,2,1,3,2,1,0.2982456140350877,0,0.5291005291005291,5122.885572139304
53,1,2,4,1,3,13298,16,24,5,2,1,1,4,67,0,5,45,1,1,3,2,48,4,0.4528301886792453,0,0.2082465639316951,4417.940199335549
42,0,2,1,2,2,5757,17,22,9,9,2,5,3,13,0,3,50,9,3,2,3,19,3,0.5238095238095238,0,0.40890504316219894,2864.1791044776123
56,1,1,2,3,4,14126,76,24,9,0,3,3,3,37,1,4,51,16,3,4,2,46,4,0.42857142857142855,3,0.3748438150770512,3522.6932668329177
36,0,0,3,0,2,12643,64,3,6,9,2,1,4,42,0,8,30,9,3,2,4,12,2,0.08333333333333333,0,1.993355481727575,6290.049751243781
58,0,1,3,3,1,19122,56,28,11,0,3,1,3,23,1,6,42,12,2,3,3,48,2,0.4827586206896552,1,0.3927168868261335,18932.673267326732
41,0,0,3,0,1,10876,79,17,13,9,1,4,1,68,1,1,50,0,4,4,4,29,1,0.4146341463414634,4,0.7642563198118753,10768.316831683169
20,1,2,1,0,5,10754,56,18,1,5,2,4,1,83,0,9,58,7,4,2,2,39,1,0.9,0,0.05552470849528039,2146.506986027944
36,0,2,3,2,4,6775,85,5,3,9,4,1,3,14,0,8,50,16,2,3,3,14,3,0.1388888888888889,0,0.5988023952095809,1689.5261845386535
28,0,0,0,1,3,13450,61,26,14,0,4,4,3,9,1,5,32,15,4,4,1,14,4,0.9285714285714286,4,0.5382545174932718,4468.43853820598
31,1,2,4,1,2,16009,36,12,8,5,2,4,2,1,0,8,55,4,3,2,2,6,2,0.3870967741935484,0,0.6661115736885929,7964.676616915423
45,1,1,0,0,3,7818,71,24,8,9,1,4,3,59,1,1,46,8,3,2,3,2,3,0.5333333333333333,4,0.3331945022907122,2597.34219269103
30,1,1,2,3,5,6720,91,10,1,6,2,3,4,19,1,2,38,5,1,3,2,37,2,0.3333333333333333,3,0.0999000999000999,1341.317365269461
54,1,2,2,3,2,12456,87,20,1,1,4,1,1,95,0,6,30,5,2,1,3,14,4,0.37037037037037035,0,0.04997501249375312,6197.014925373135
54,1,1,2,0,3,14706,91,16,1,9,3,1,2,81,0,9,39,4,3,3,2,13,1,0.2962962962962963,0,0.062460961898813235,4885.714285714286
28,1,0,1,3,5,11386,16,23,8,7,1,3,4,27,0,3,33,0,4,2,3,41,4,0.8214285714285714,0,0.3476749239461104,2272.6546906187627
54,1,2,4,2,4,5936,66,21,5,2,4,3,4,85,0,3,32,10,3,3,1,48,1,0.3888888888888889,0,0.23798191337458352,1480.2992518703243
46,1,1,3,2,5,8583,67,10,4,5,1,5,3,93,0,7,56,17,1,2,3,37,3,0.21739130434782608,0,0.3996003996003996,1713.1736526946108
32,1,1,0,2,1,9054,84,27,14,9,4,2,1,30,1,5,55,8,2,2,3,49,1,0.84375,2,0.518326545723806,8964.356435643564
56,0,2,3,3,1,11876,84,5,9,0,4,2,2,67,0,3,35,1,4,4,4,16,2,0.08928571428571429,0,1.7964071856287427,11758.415841584158
43,1,2,3,2,1,9772,31,22,4,1,2,4,3,36,0,3,45,9,1,1,2,47,2,0.5116279069767442,0,0.1817355747387551,9675.247524752474
39,0,0,1,1,1,3001,76,14,9,4,1,5,3,80,1,7,46,15,3,3,1,46,1,0.358974358974359,5,0.6423982869379015,2971.2871287128714
50,0,2,3,3,1,5693,97,19,14,1,3,1,3,52,1,2,40,11,4,4,2,42,4,0.38,1,0.7364544976328248,5636.633663366337
47,0,2,4,0,1,19053,45,15,4,3,2,5,4,30,0,5,55,14,3,1,4,29,3,0.3191489361702128,0,0.2664890073284477,18864.356435643564
28,0,0,1,0,3,3305,92,14,13,5,4,3,4,9,0,3,55,8,4,1,2,9,2,0.5,0,0.92790863668808,1098.0066445182724
51,0,0,2,0,5,8994,46,8,5,1,3,2,4,38,1,7,32,8,2,1,2,1,1,0.1568627450980392,2,0.6242197253433208,1795.2095808383235
29,1,2,2,0,3,15496,37,29,9,9,3,2,1,50,1,1,55,11,2,4,3,29,4,1.0,2,0.3102378490175801,5148.172757475083
57,1,1,3,3,2,6174,50,15,10,5,4,4,4,94,0,7,42,7,4,4,1,28,4,0.2631578947368421,0,0.6662225183211192,3071.6417910447763
55,0,1,2,0,5,18553,76,17,10,9,2,2,2,81,0,7,36,18,2,2,3,12,1,0.3090909090909091,0,0.5878894767783656,3703.193612774451
31,0,2,0,0,4,4378,90,28,14,7,3,1,4,8,0,9,34,7,1,4,2,11,4,0.9032258064516129,0,0.4998214923241699,1091.7705735660847
52,1,2,3,3,4,16757,70,7,2,4,4,3,2,82,1,2,49,3,1,2,3,7,3,0.1346153846153846,3,0.28530670470756064,4178.802992518704
57,1,2,3,2,2,16434,54,22,10,0,3,3,3,47,1,4,53,4,3,1,3,13,3,0.38596491228070173,3,0.45433893684688775,8176.119402985076
23,1,2,4,3,4,19878,72,2,7,6,2,1,1,74,0,2,42,15,2,3,3,49,2,0.08695652173913043,0,3.4825870646766175,4957.107231920199
58,1,1,2,1,5,16799,63,29,13,4,2,1,3,89,0,9,39,8,2,2,1,49,1,0.5,0,0.44812133746983795,3353.09381237525
34,1,1,1,2,5,18882,26,29,8,3,3,2,1,57,1,5,47,0,3,4,4,32,1,0.8529411764705882,2,0.2757669769045157,3768.862275449102
23,1,0,0,1,3,8801,88,3,7,3,3,3,4,50,1,7,59,18,4,2,3,17,1,0.13043478260869565,3,2.3255813953488373,2923.920265780731
48,0,0,2,0,2,11738,39,1,1,4,3,1,2,68,1,2,59,5,1,4,3,43,2,0.020833333333333332,1,0.9900990099009901,5839.800995024876
44,1,2,2,0,5,11243,41,2,14,7,1,1,4,42,1,2,42,1,4,2,4,19,3,0.045454545454545456,1,6.965174129353235,2244.111776447106
23,1,2,0,1,1,12856,96,12,9,0,4,3,3,62,1,5,43,11,1,2,3,19,3,0.5217391304347826,3,0.7493755203996669,12728.712871287129
25,0,0,1,1,1,6918,45,2,12,5,4,4,4,7,1,5,34,14,4,1,4,24,2,0.08,4,5.970149253731344,6849.504950495049
50,1,0,3,2,5,17201,37,7,2,7,2,5,2,26,0,3,37,9,4,1,2,22,1,0.14,0,0.28530670470756064,3433.3333333333335
46,0,0,4,3,1,8882,80,3,11,7,2,1,4,36,1,8,34,13,4,4,2,21,3,0.06521739130434782,1,3.6544850498338874,8794.059405940594
29,1,2,3,0,5,3615,62,26,8,6,3,3,4,89,0,6,59,2,2,3,1,28,2,0.896551724137931,0,0.3075740099961553,721.556886227545
59,1,1,1,2,3,11750,89,8,2,3,4,4,3,34,0,7,43,6,4,4,2,17,4,0.13559322033898305,0,0.24968789013732834,3903.654485049834
44,0,0,4,1,2,6150,58,9,14,3,2,4,1,75,1,2,31,12,1,3,3,9,2,0.20454545454545456,4,1.5538290788013318,3059.7014925373137
41,1,1,0,3,5,5887,71,20,1,3,3,3,4,75,0,5,31,15,2,3,4,47,1,0.4878048780487805,0,0.04997501249375312,1175.0499001996009
58,1,1,0,0,1,8586,84,7,7,2,1,3,4,1,0,6,42,12,2,1,1,47,2,0.1206896551724138,0,0.9985734664764623,8500.990099009901
51,1,0,1,2,4,5062,51,24,10,3,1,3,2,32,0,2,30,6,1,1,1,21,4,0.47058823529411764,0,0.4164931278633902,1262.3441396508729
42,1,0,0,1,3,6715,86,14,2,1,4,3,4,22,0,1,46,16,2,2,1,9,1,0.3333333333333333,0,0.14275517487508924,2230.8970099667777
57,0,1,2,3,2,8190,26,15,9,2,3,3,3,81,1,8,51,16,2,4,3,30,3,0.2631578947368421,3,0.5996002664890073,4074.626865671642
51,1,1,2,1,2,16331,33,12,1,2,1,3,3,66,1,3,32,3,1,3,3,34,3,0.23529411764705882,3,0.08326394671107411,8124.875621890548
39,0,1,4,2,2,8540,56,19,14,5,3,1,3,82,0,3,54,14,2,4,2,12,3,0.48717948717948717,0,0.7364544976328248,4248.756218905473
27,0,0,4,3,4,18451,83,21,13,3,3,5,1,50,1,5,56,18,1,2,4,46,3,0.7777777777777778,5,0.6187529747739171,4601.246882793018
41,0,2,2,2,1,18699,35,13,5,8,3,5,1,10,0,3,54,1,4,4,2,23,4,0.3170731707317073,0,0.3843197540353574,18513.861386138615
31,1,0,3,1,1,4627,83,3,6,5,3,5,4,43,0,1,50,4,1,3,1,42,2,0.0967741935483871,0,1.993355481727575,4581.188118811881
44,1,0,0,1,2,19940,98,16,13,2,2,4,1,39,0,2,31,6,2,3,3,11,1,0.36363636363636365,0,0.8119925046845721,9920.39800995025
26,0,1,0,3,5,18960,71,12,12,6,4,4,3,92,1,6,56,2,2,1,2,16,1,0.46153846153846156,4,0.9991673605328892,3784.4311377245513
32,1,2,1,2,3,9222,32,18,11,8,2,4,4,66,0,9,32,3,3,1,4,45,2,0.5625,0,0.6107717934480843,3063.7873754152824
35,0,0,2,0,2,12121,94,1,5,9,1,4,2,63,1,4,33,9,2,3,3,5,2,0.02857142857142857,4,4.9504950495049505,6030.348258706468
22,0,0,0,2,2,5410,35,6,4,5,1,5,2,58,1,4,59,11,3,4,2,23,2,0.2727272727272727,5,0.6655574043261232,2691.5422885572143
38,0,2,1,3,1,6199,26,20,11,2,1,4,3,15,0,5,32,7,4,2,1,16,2,0.5263157894736842,0,0.5497251374312843,6137.623762376237
49,1,0,1,1,3,18146,67,2,4,3,3,2,4,53,1,9,37,18,1,1,1,36,3,0.04081632653061224,2,1.9900497512437814,6028.571428571429
43,0,2,4,2,5,17312,74,19,10,9,1,5,2,49,0,8,58,6,4,1,3,19,2,0.4418604651162791,0,0.5260389268805892,3455.489021956088
46,1,0,4,3,3,15486,82,24,7,7,4,4,3,85,1,5,32,3,2,2,4,43,3,0.5217391304347826,4,0.29154518950437314,5144.850498338871
21,0,0,0,3,4,5313,91,8,3,6,3,3,1,13,0,3,50,0,2,3,1,40,2,0.38095238095238093,0,0.37453183520599254,1324.9376558603492
20,0,1,2,2,3,10164,54,22,9,8,3,2,3,35,1,4,38,14,4,1,2,39,3,1.1,2,0.40890504316219894,3376.744186046512
44,0,2,3,0,5,18848,70,6,12,3,3,2,2,43,0,1,49,11,2,2,2,34,2,0.13636363636363635,0,1.9966722129783694,3762.0758483033933
57,1,2,0,0,3,5895,15,28,11,7,2,4,3,36,0,6,41,13,3,3,4,38,4,0.49122807017543857,0,0.3927168868261335,1958.4717607973423
47,0,2,4,0,5,17783,93,2,3,5,1,5,2,59,0,6,42,8,4,3,3,9,4,0.0425531914893617,0,1.492537313432836,3549.500998003992
22,1,2,4,0,1,5776,77,25,4,4,3,5,3,91,1,4,58,3,4,3,2,23,4,1.1363636363636365,5,0.15993602558976408,5718.811881188119
39,1,0,3,0,3,7151,68,29,1,4,3,3,2,83,1,4,51,6,3,2,4,13,3,0.7435897435897436,3,0.03447087211306446,2375.747508305648
56,0,1,1,1,4,17626,64,2,10,9,1,3,3,57,1,7,50,7,3,3,3,44,3,0.03571428571428571,3,4.975124378109453,4395.511221945138
41,1,1,1,1,4,10162,93,18,6,3,3,1,4,2,1,8,40,4,1,1,2,37,2,0.43902439024390244,1,0.3331482509716824,2534.1645885286785
20,1,1,2,2,2,13171,20,19,13,6,2,5,2,88,1,8,36,15,4,2,3,24,1,0.95,5,0.6838506049447659,6552.736318407961
31,0,1,0,2,5,6768,81,14,11,4,2,2,3,38,1,9,50,13,2,2,3,25,3,0.45161290322580644,2,0.7851534618129907,1350.8982035928145
20,1,1,4,0,5,12297,81,19,1,4,2,4,2,97,1,1,51,9,4,2,1,45,1,0.95,4,0.052603892688058915,2454.491017964072
39,1,0,4,2,3,19017,83,24,14,3,4,4,2,41,1,5,57,7,2,3,4,11,4,0.6153846153846154,4,0.5830903790087463,6317.940199335549
54,0,2,3,0,5,4301,57,6,10,7,1,2,4,20,1,6,58,2,4,2,2,30,1,0.1111111111111111,2,1.663893510815308,858.4830339321358
26,0,0,0,0,5,6084,52,19,13,4,1,5,2,45,1,5,43,1,2,4,3,39,1,0.7307692307692307,5,0.6838506049447659,1214.37125748503
40,1,0,2,0,3,9103,79,13,8,4,4,4,3,34,1,9,42,15,4,1,3,33,3,0.325,4,0.6149116064565718,3024.2524916943526
39,1,2,4,2,5,10211,90,21,2,7,1,1,3,89,1,4,56,5,4,3,1,8,1,0.5384615384615384,1,0.09519276534983341,2038.12375249501
35,0,2,0,0,2,4079,69,25,14,9,2,2,1,35,1,9,56,5,4,2,1,11,3,0.7142857142857143,2,0.5597760895641744,2029.353233830846
58,0,1,2,3,1,15488,28,15,4,2,1,3,4,14,0,6,54,17,4,4,4,20,3,0.25862068965517243,0,0.2664890073284477,15334.653465346535
45,0,0,1,0,3,9852,66,11,10,8,3,5,4,29,1,5,36,4,4,2,1,34,3,0.24444444444444444,5,0.9082652134423251,3273.089700996678
38,0,1,3,3,2,12947,48,16,4,8,1,2,1,5,1,2,39,8,2,1,4,30,4,0.42105263157894735,2,0.24984384759525294,6441.293532338309
55,0,0,0,3,2,4996,65,27,3,4,4,3,3,12,0,1,47,8,1,4,4,34,3,0.4909090909090909,0,0.11106997408367271,2485.572139303483
57,1,0,4,2,4,4706,42,14,4,5,4,4,2,52,0,7,34,9,1,3,4,7,3,0.24561403508771928,0,0.28551034975017847,1173.56608478803
23,0,2,4,1,5,5580,34,3,1,4,3,4,3,56,0,5,31,1,1,1,4,6,3,0.13043478260869565,0,0.33222591362126247,1113.7724550898204
39,0,0,0,0,2,4030,64,21,10,9,2,5,2,7,1,1,54,9,3,3,3,4,4,0.5384615384615384,5,0.47596382674916704,2004.9751243781097
34,1,2,4,2,3,15370,65,4,2,1,2,4,2,86,1,2,32,0,2,2,1,30,1,0.11764705882352941,4,0.49875311720698257,5106.312292358804
